X,Y,OBJECTID,GLOBAL_ID,CARTOANGLE,ENRINFO_ID,DISTANCE1,DISTANCE2,AK_LOW,AK_HIGH,US_LOW,US_HIGH,US_AREA,PACIFIC
-148.464994738,67.7514408010001,1,C09A8475-BD99-4152-9D58-7369AAF4DB74,0.38,E1377BD4-8369-4EC4-992B-9E3607A5ACE4,15,147.43,0,1,0,0,0,0
-165.699633961,59.267209285,2,0E34C1CB-323E-48CE-BCC8-B90636D8A78B,46.77,933F6339-35F4-4832-B86A-3F755E637B01,190,149.89,0,1,0,0,0,0
-151.257220541,59.4087773420001,3,3DA5D350-D348-48E8-A86D-68FA8C1BF161,18.62,9BB1D100-0E90-487F-AB44-F2372BFE8E6E,103,113.66,0,1,0,0,0,0
-106.149633665,38.9185812740001,4,219A2E0B-60AF-4CDD-9B20-823168F2A129,55.95,8391526E-6301-4A48-957C-6975410A6F57,50,85.2,0,0,0,1,0,0
-88.074541822,46.6664041130001,5,F990D8B3-B040-4D44-98EC-C818DCC1FEB2,91.23,21404D89-2AF8-44BE-87CE-571EAF303660,171,156,0,0,0,1,0,0
-121.163663542,45.7419977230001,6,C3910B39-986C-4E32-8EB6-BFBA2A3B38B3,89.86,26DAE24A-EAE3-4C4F-9F9D-B89B716416EB,60,93.56,0,1,0,1,0,0
-90.39209827,36.5825026430001,7,3A9B8FE1-02A9-4E47-9E5F-8F31FD62CA2D,348.12,8392058D-A6E3-425D-87AC-ACD0B58385B3,96,129.54,0,0,0,1,0,0
-115.336636222,34.1906052310001,8,D34331AE-A618-4068-80E7-CE52C61D86FA,50.44,EA4DF3A8-BD51-43CC-BB3B-9929EC334FE3,53,55.1,0,0,0,1,0,0
-113.174971325,35.3311710680001,9,BFC89C48-8F02-4B4E-BC4D-BAD769D14CA7,61.75,F4544AFC-1C1C-43C5-9022-22C219647516,72,104.83,0,0,0,1,0,0
-114.517256926,39.0959161530001,10,5F3B0F7F-3CFA-4178-8E84-0750A64B71A0,309.61,5FB192A4-330B-408D-990D-006D31BEE61B,134,19.82,0,0,0,1,0,0
-110.950698618,34.8350937490001,11,5E4D4294-A396-4F62-B810-C9840E205296,83.57,76B0FEB3-618A-4AD3-9659-0CFB65BE9E32,76,89.01,0,0,0,1,0,0
-101.464864406,46.45682256,12,11739877-E809-4511-9249-38A1E9C9FC44,113.63,8EF7CE7F-52D0-4D31-A489-5FA7D632356A,60,143.11,0,0,0,1,0,0
-100.13377135,43.86788026,13,76854D63-7A48-468D-8B8B-752C798FD826,91.98,C8CB14E5-67DC-4076-95F0-1372A4D3A060,125,146.35,0,0,0,1,0,0
-118.279462347,34.2239160280001,14,586A16EE-4995-409A-B8C3-95895BD7E540,23.54,40BF287E-AD36-4D74-AD57-F23C224539ED,19,26.65,0,0,1,0,1,0
-118.705259132,34.4896925840001,15,38EF21A1-8846-4B4F-93AB-7B4C205EE151,337.89,6FDB0A4B-38EC-40C7-A3F2-505BE3DD262E,36,20.35,0,0,1,0,1,0
-118.916656661,34.964568134,16,1F2A6982-36BE-4FFF-8F19-411DE61367F3,344.17,A841D959-7AD4-4D86-815D-9C9CD4AD4F1E,10,32.39,0,0,1,0,0,0
-110.667362135,43.876841228,17,7FB5F422-D5F2-4469-A409-928F65D5E7ED,100.25,03F9050C-85E4-418C-9D3D-28CA927A40F5,68,14.7,0,0,1,0,0,0
-149.756987158,63.1143933070001,18,551BD565-603A-4550-9DD3-38C9D07442CB,10.92,C5244052-DA13-4F59-84EB-742689F268C7,50,112.47,1,0,0,0,0,0
-81.112706649,30.6399779770001,19,5E4108FE-1B8C-42F1-B1D2-8554914CBF44,0,E23E34D7-5886-4113-813D-BAF5F296643B,80,90.29,0,0,1,0,0,0
-154.643692188,69.7116638700001,20,432F5F7E-F731-4E06-9794-96A856034E7D,154.46,FE436AFA-B54C-49B7-8811-F59679EED6F2,105,181.55,1,0,0,0,0,0
-148.289539232,66.50805889,21,852A0390-AAEF-4C68-9601-A7573E20C73D,356.29,DFA41354-67B1-4EAC-90D0-438C3CE81B1C,103,60.09,1,0,0,0,0,0
-164.826471691,59.637191208,22,5C0A52B0-0F11-4B3F-A13A-B355F0551E2C,46.6,5F097E48-950E-49F3-ACB4-B7AC9783B5E5,223,116.89,1,0,0,0,0,0
-114.728161066,43.285681513,23,78C61FEE-A7DA-45CF-AB26-E212F145A3BD,103.55,E495B1E6-AFBA-46CC-9EFB-0ED87CA029B4,66,94.61,0,0,1,0,0,0
-159.307486397,59.8188017030001,24,7A091393-60E5-41E2-8D7E-C86A72EE62B3,311.01,0955A963-6F5C-49B8-9B22-B9D02E4006D5,102,95.54,1,0,0,0,0,0
-95.752107919,30.146788664,25,BE3E96D7-2EBE-4433-A504-385E97237CB3,298.34,EEE76E32-73C6-4567-BA01-130FE4083EF2,24,18.05,0,0,1,0,0,0
-159.475508904,58.2615223010001,26,E4E7A07A-676E-42D1-BFC1-AD27064DD522,30.15,84C8C21F-FE12-46B8-B54D-724DDEFC7AEF,207,54.85,1,0,0,0,0,0
-94.961488381,35.7603295010001,27,D64BC6BE-A825-4DB7-8EB4-879EB83E210A,122.73,A18EE043-DD44-4C9C-8EFF-5AE9CD971782,48,40.45,0,0,1,0,0,0
-121.613940708,36.5310881230001,28,F1064E05-DE28-4FCF-BFEF-75DE4C282400,3.72,D73FCD79-B3BC-49E2-9906-E97BD0529F01,21,7.97,0,0,1,0,0,0
-94.177548813,32.1268037630001,29,3D62034D-1201-4ACD-A27C-62DB11CE49DF,25.42,E1DB65F1-2E6D-42EB-B466-8B80296C2A0A,64,42.87,0,0,1,0,0,0
-111.819166399,41.9498028730001,30,0E06E417-8934-42CF-AD6E-CAA14DDFD007,117.76,73C3C202-AE28-42BB-BCEC-B5C90451A343,32,71.46,0,0,1,0,0,0
-77.446269022,38.1789963890001,31,E1375BF2-8553-404A-A03A-2F6F46213F07,24.84,8C425697-7614-42E1-8420-1B9B18076DE1,43,10.41,0,0,1,0,0,0
-97.4166860139999,27.110293832,32,39C920E2-ABB4-4F81-836D-2ACE617EC4AB,358.21,63545B68-DC30-4549-A165-D6E1DC9552B7,71,47.5,0,0,1,0,0,0
-116.850080175,33.889635148,33,3650543A-71F7-4BDF-BB59-3E0D099D5AF8,92.71,C3826042-BB35-479D-AB01-C5D3E3C7ADF4,34,21.03,0,0,1,0,0,0
-118.463354202,45.024171021,34,E3E291A5-E36E-47A0-866C-9C3C3DC60AD0,109.4,CA70E3A0-4B89-45DE-880C-8EDB1FBE924E,119,30.02,0,0,1,0,0,0
-117.757152672,33.998431119,35,E660BEE1-1D20-43D0-85B4-8773367BB0B4,110,127132E9-E2BA-4392-845A-D95894B1D27D,39,12.31,0,0,1,0,1,0
-108.91648416,40.490798193,36,E526606E-B4AB-4C05-87A2-6583D5CDF4CE,356.25,C61DB126-E8A7-43BA-AE56-E91349C14541,86,66.08,0,0,1,0,0,0
-108.519776424,45.0720649140001,37,C9329205-4409-44D7-877A-FF4FBDC681B8,354.46,CBB8585A-51FF-416C-A21E-11F5B604C898,97,44.42,0,0,1,0,0,0
-79.3384031589999,33.388154679,38,31D7338B-3A11-4390-8839-97C0F579FD7B,49.8,E72CAFD3-7D65-4A7B-A80E-0FD47DB3BAE7,46,39.96,0,0,1,0,0,0
-120.280434702,39.4153634840001,39,17F58896-EA4E-43EC-87ED-2DF511FF1387,75.24,487A6BFE-4986-4A60-A4B2-279944033D10,84,29.83,0,0,1,0,0,0
-113.949273094,35.2538795660001,40,76129B45-816A-45B9-B97F-D835396D57FE,41.36,0416C2D6-CB07-4825-A660-3C1AB5AD6E48,39,29.82,0,0,1,0,0,0
-115.728492745,34.9897490540001,41,4DC691B0-A4F5-4F41-91C7-F09D84AD71D4,72.12,08D4B2FF-AB77-4F03-8831-8D7F2A2E5595,38,28.52,0,0,1,0,0,0
-114.375547564,35.376889234,42,1DB27CD9-DAB4-4617-A61C-47E1E26728C1,69.26,C4F990B0-8E78-44D5-A3AD-A803BBD3D2A6,42,43.35,0,0,1,0,0,0
-93.44375575,46.397664976,43,1B17D7F3-6899-43EC-9142-E8B6FFE0377D,177.63,10421915-7314-423C-BF26-FCF0B7D1900E,46,75.19,0,0,1,0,0,0
-122.588784891,40.9408182540001,44,5C0E0804-B5E2-4430-91F6-0F571618E5BC,342.4,6856027D-FEF3-4754-B280-320F44338BEE,53,32.07,0,0,1,0,0,0
-112.409756712,40.3505543210001,45,E3F98237-D177-47F3-B925-993E2AD9B874,4,FD8EC77A-D15E-478C-A62D-E90EC60F94A3,63,110.92,0,0,1,0,0,0
-79.164675796,34.013014733,46,4F8BD3E5-EA68-4112-9BB5-AF3D796A73A8,298.62,532F6B24-FA96-43A1-AC57-98AE28AAC07A,25,27.85,0,0,1,0,0,0
-120.335778516,34.7970520380001,47,B6A386A6-EDDC-4544-B570-AA9C031847B8,322.8,6AB9F382-74A0-4867-9024-0BA99F8E2C03,20,34.35,0,0,1,0,0,0
-116.120603972,35.0583711360001,48,8F690AF1-00B7-416C-BD13-4F73FB5FBDC1,47.07,23983FDB-7C3F-4874-9234-C6BF930BC022,23,83.36,0,0,1,0,0,0
-94.0683861109999,30.1737805560001,49,97ADD82B-C988-4A43-9971-3FF96969DB06,91.68,0D735CA5-7F93-4146-B93A-11943F06760C,30,50.12,0,0,1,0,0,0
-80.798379569,36.419173953,50,40FB40BD-8468-4B91-950B-47DCD4BDC7E8,5.76,50D6A5D5-C3AB-47A1-B878-1842D0982B9E,74,40.27,0,0,1,0,0,0
-117.547171371,34.256274268,51,316CBA84-18E4-456C-8E07-0CABF3783472,48.2,23AB92FE-0B37-4616-96CA-4792F973A10E,16,63.97,0,0,1,0,0,0
-77.9552395649999,39.9711497270001,52,817D48CD-C521-4762-9973-745834B044CF,90.27,271A9746-10BD-4425-8199-C007EFFE2FC4,132,162.97,0,0,0,1,0,0
-107.110214578,43.589902851,53,DBC22387-DE0F-4B7A-AA91-75A507A92A4D,153.5,9161F14E-A3D0-4AA0-BEC7-A108EE563119,149,114.56,0,0,0,1,0,0
-117.74364357,45.8395039850001,54,5A8D8E4C-FEF2-494E-A909-39176D1B88D1,2.58,1620072B-048F-4CF4-AEAD-114108B89D64,60,103.68,0,0,0,1,0,0
-106.818457051,41.081374173,55,C0B24D59-B2F3-4A52-BC03-FCEBB36BD11F,106.35,F64C2F08-887A-48AF-8A27-A814E4C6788B,104,128.17,0,0,0,1,0,0
-110.982946589,42.3034891570001,56,7965FDCE-3384-43CD-98F0-8141F6A38C12,114.11,5659B796-2F56-43C8-B618-B41AC61CC439,82,97.35,0,0,0,1,0,0
-110.982011918,40.672151044,57,46FBA6D5-FC4C-4952-BF65-9EA564516918,102.86,960D1FB8-D4EF-4994-8882-F7A68E762135,47,144.62,0,0,0,1,0,0
-99.5135465019999,40.42028952,58,8CBC4EC9-70EF-4CA3-9B1B-0181EA1C2994,74.98,7C7E631E-CABA-4F16-8E4F-7FC8CCB38F3A,51,130.35,0,0,0,1,0,0
-106.081006185,39.6083072870001,59,BEEB775F-5CA5-449A-A707-1385C1E474F4,74.73,86DEA561-84F1-4B5E-BBF8-D16ADF1ADE35,39,69.67,0,0,0,1,0,0
-84.033966745,41.455299483,60,15B89175-06A2-480F-A282-36090E3E3AE4,92.01,19239A48-873E-4AED-9692-6804CCB201AE,90,84.72,0,0,0,1,0,0
-82.725208885,40.9297534,61,827FA8EB-7126-4139-AAB5-33213BBFA8CE,90.7,56A0F2C4-F6C8-4BBF-B4E9-A1ECA0018552,112,114.57,0,0,0,1,0,0
-119.057791556,37.6159565250001,62,FA380A6D-1BE4-4852-8CF4-951B41AF8B3D,39.83,7B4ACF9A-03A0-4906-9DE6-C15D4EB4AA23,40,74.8,0,0,1,0,0,0
-110.345212424,32.529105471,63,42E1B07F-2BAE-479C-8BCC-C4D1976C07EC,104.68,53BF58AA-2A03-4A40-8E6B-6E83DBD24870,82,57.12,0,0,1,0,1,0
-89.180083333,46.2025611110001,64,ABC25627-C42D-4FA4-B33B-7A9207602156,116.39,7CAB7294-0BD9-4263-811E-214BC2AA1B77,44,50.33,0,0,1,0,0,0
-151.863986523,58.8445936800001,65,FA6962B7-7ED2-44C4-975E-4E466AC80878,12.98,25316B64-9A01-435C-8932-A5924CDD4074,66,53.57,1,0,0,0,0,0
-111.431521354,40.6464423300001,66,A146CE46-788F-479F-8A90-380AE86C2467,115.89,59E61A33-89F9-4981-B9E0-F4D82F9A52C4,28,66.74,0,0,1,0,0,0
-164.841761467,61.771069632,67,759BE1CC-790D-4E4D-85E5-A7DC4F3B3A5E,66.77,E9137227-C351-4F1D-987F-4B568605F81D,40,47.63,1,0,0,0,0,0
-159.215587813,65.7175868250001,68,DCEEA209-3917-4EDD-9B55-7FF2F83156E1,314.86,6D3E1991-BB7F-4859-A877-661BC8623064,85,107.15,1,0,0,0,0,0
-150.108312102,65.6190533390001,69,C12EEA1E-B031-41C0-8D34-0A66EFDB19B9,337.49,2AA57B59-5B0D-4CF9-9AB9-91C7C32442F3,67,85.1,1,0,0,0,0,0
-164.215549365,65.462054364,70,DCB86BFF-BB59-467B-9161-343D9F63DD2E,23.75,CE88C95D-9A1F-42A6-A3F0-E64A1F0D09FF,64,95.41,1,0,0,0,0,0
-153.927882558,58.1403273170001,71,21E63C27-C9A8-4CEE-B6DA-114719A2D5C0,294.07,4FA1EE27-19E3-4BC6-A6F4-7C2B6C88C967,55,96.08,1,0,0,0,0,0
-115.937391491,33.905296358,72,89D8FDC8-6554-495A-B758-6219B96C2DC8,33.81,39A1D6F3-A319-4FDD-9D0F-EE9026C434F8,20,14.95,0,0,1,0,0,0
-93.454226729,35.1121259540001,73,6850B742-EFA9-42DE-9E8A-4EE3E8616523,334.77,FEEB336D-3E2F-4C04-A427-381AD52E9D52,42,75.37,0,0,1,0,0,0
-97.2730084839999,39.731746249,74,6B3B2DCE-F9F3-46A6-947F-6BDD6CFC5EBE,18.43,63252D84-8C32-4503-BA13-E3D23BB324EB,51,75.52,0,0,1,0,0,0
-83.5780778819999,39.629257652,75,EF668FA9-2871-44DA-A816-8D0F4309F6E0,54.59,D4DA2CC7-9A7D-486C-9D1A-F87C92A7152B,64,55.39,0,0,1,0,0,0
-149.461781142,60.052245418,76,AFF04D99-0EC7-415C-9764-8FD6675BB35E,70.26,E9F193DC-B863-4712-87A7-8378632A08FC,63,90.09,1,0,0,0,0,0
-116.880838881,33.690644234,77,F66D62B9-9977-43C0-8AA6-6B640CF2741A,95.07,DE53CB9C-C231-4C4C-813B-2EBFBE32F387,59,36.29,0,0,1,0,0,0
-85.174854868,31.1097610890001,78,571C60AC-2E7A-4044-B62B-C9E80A53270F,308.89,80B7CEDE-A60C-4517-8CE7-C0B75422D419,53,16.84,0,0,1,0,0,0
-113.466295866,46.508659386,79,30178838-CD29-44C7-B61F-59328EBDF45A,133.01,90B33123-0767-4958-BA7E-BDBCBA9E5791,35,41.38,0,0,1,0,0,0
-122.383534289,37.9363473400001,80,E61508D5-3DD4-48F1-BC00-B1F11F291B7F,358.62,2EDC9216-21B2-4C81-B989-033F05FEFEAF,19,14.57,0,0,1,0,1,0
-109.921155415,38.684351125,81,7B569997-F43D-4EAB-9962-02A39F659F23,66.12,D5A8E2AD-AA57-48FA-AE52-575AF400B6AF,40,57.47,0,0,1,0,0,0
-117.806423136,33.847542983,82,2E6F5397-8608-42FF-A40E-85B4A34A5167,72.71,5C3F8C37-9586-4F75-8542-12CA89F40618,13,14.45,0,0,1,0,1,0
-106.943923397,32.116916163,83,19DBA8EE-A1D2-4A55-97DE-2787A0AEA27B,105.57,B259EE51-95D8-4BC3-BBC1-121B09AAB720,35,35.65,0,0,1,0,0,0
-109.329307087,35.9950458050001,84,8A1FEE70-A76D-45A0-BCE2-EB11BF1AD35F,51.65,BE488625-A8EE-4710-986F-7518208AC149,91,74.78,0,0,1,0,0,0
-113.038885961,41.956319186,85,12C0DDB1-0B94-4A7D-B3B0-CA25E52C6E7D,316.35,75964C89-0E92-46E3-8526-5D6237DC8ED1,61,52.51,0,0,1,0,0,0
-121.388320302,36.9877772730001,86,F6948DF4-D9C3-409D-B913-6DB2B95A9212,28,00DE73DC-9DB4-4AC2-A6E8-B9CD1F121D3C,22,43.52,0,0,1,0,0,0
-118.348267718,46.5563167620001,87,C0376A23-4466-480B-A250-8DEBAED9F6F6,25.36,493A0561-512B-4BC9-B708-F5298089A4F5,57,67.47,0,0,1,0,0,0
-113.680964062,47.473091154,88,C773E7B8-3F71-477D-9399-A17D6FA0AB6C,88.58,08442193-A8C4-4DA5-A72A-A77520A9A7BA,80,92.37,0,0,1,0,0,0
-104.431509309,35.1435344990001,89,93DEF213-2ED1-4C55-812F-09774BC36337,86.18,90F3E5E3-765A-4D06-B925-A4DF5E039225,30,41.05,0,0,1,0,0,0
-81.836009056,39.2156788680001,90,10A1F66C-27BD-4A31-B91E-238A12E2D850,356.6,4BD1E8E8-DA5F-40D9-B5D4-022A17EE5391,52,43.55,0,0,1,0,0,0
-107.631490753,39.2960702330001,91,8C36DE1E-AC0A-48AB-9A16-CE31141C31D8,74.97,A1003843-766D-4452-9013-A57C4D2AD4E0,56,35.34,0,0,1,0,0,0
-117.14331557,37.271455406,92,474AADF1-E029-46A4-983B-4E36654D922C,326.15,425160CF-B27A-43FE-A36C-CF55544D00EB,34,58.5,0,0,1,0,0,0
-119.974986892,40.6731740820001,93,C2CD41B1-E459-4B48-B2DE-8068DE88F6F2,348,4A52FEC3-F6F5-497F-A500-D97B1E4CC018,70,111.74,0,0,1,0,0,0
-121.024904926,43.6491760660001,94,FD2E5CCC-A236-46FC-93C4-BF3317AB97F9,342,D7005F41-5519-4275-935F-02E2A9EC2683,73,38.18,0,0,1,0,0,0
-92.929068064,33.910678365,95,D3A13915-1352-4A35-9022-BE23A5909AB9,67,39F1FFCB-7DF2-4836-B4FA-61B6195FF748,62,53.88,0,0,1,0,0,0
-156.231361002,20.3962764880001,96,04590313-4B33-4140-A2B9-12FE48FB3A11,117.8,018DB777-22C6-43AA-9CC2-C839EFFA54F5,47,24.81,0,0,0,0,0,1
-106.112214603,35.3049016430001,97,1919BC76-86FD-4B5E-9AAF-BB9B8E607A0C,65.49,2103BF7E-597B-4399-85F5-82316C110413,38,52.31,0,0,1,0,0,0
-80.8660041209999,31.843483963,98,DB0A4E1D-DD5D-4EF6-96D3-1A4E034872A9,20,CED78585-A5E4-4022-BE0F-62709F37526C,96,75.7,0,0,1,0,0,0
-111.246517191,40.230147044,99,6C025CFD-3A8E-42BC-B1E2-624420230A7E,94.58,BE9FAC53-4C16-4A40-9EE5-DB79518FA01B,32,51.7,0,0,1,0,0,0
-112.425298164,35.894856921,100,D4AC4A36-24BF-4D2A-97ED-B46DA917B987,73.18,3B2177C4-DBF6-4481-A442-1E68489A4603,57,14.16,0,0,1,0,0,0
-112.425298164,35.894856921,101,0E1F53A6-C613-435B-B183-E17146144F4F,73.18,44C02874-F2D3-4F1B-9518-99E209286CA5,57,14.16,0,0,1,0,0,0
-117.547171371,34.256274268,102,03EB3C4B-C8C7-4DDC-9624-B0F82F2BF7A3,48.2,1045ABD3-89A6-4795-9996-B5A0FD0CFD0C,16,65.22,0,0,1,0,0,0
-123.035686516,43.1403162060001,103,4864432D-0219-48F9-8D88-5DA8649482C0,352.25,28F41128-9018-4825-A4BF-C5CA69AE6B45,40,59.39,0,0,1,0,0,0
-114.193540906,41.975761999,104,6EE09F2E-C7B0-4F33-A01D-2531EF9D8BF2,336.76,B687E37C-182D-45FB-89B2-98C653CD91E5,40,33.02,0,0,1,0,0,0
-108.282071254,38.745316642,105,DAB53A39-CB62-4765-8A81-9031F87883BB,308.63,3749B4B3-8175-4C58-AA05-61E02C3F6928,23,30.44,0,0,1,0,0,0
-79.191834715,38.808839296,106,2730C23E-42EE-4A55-BAA5-9E43B98577B3,98.18,4F57FDA4-F272-4FC2-9FF3-F9DD15684D08,43,63.08,0,0,1,0,0,0
-133.911069444,56.1524444440001,107,C745BB2D-EECB-4300-AA38-9956097ED5C0,310.55,5AB4A3AC-899F-424F-8922-2E233B792968,103,69.14,1,0,0,0,0,0
-165.813025571,62.66959739,108,573B3F06-C1CF-4065-9A03-C57C8BCE6429,7.29,5AA9EB42-3FC4-4460-9848-9BA72ADCE9F2,70,110.41,1,0,0,0,0,0
-79.152197601,37.6697623320001,109,C7A89D19-C2D6-4B8C-A731-6A728B64E313,65.68,3CC9DB6E-10B8-4F5E-AFE5-DC8D30B5AA4B,48,51.76,0,0,1,0,0,0
-154.560312359,70.9058041900001,110,EADC02CD-9A9C-4B26-87A3-D42C2A16C7C4,116.54,7CE5AE41-793C-4548-801F-2B29FC2990B4,50,81.69,1,0,0,0,0,0
-122.023910739,43.4361989450001,111,C32BCD32-5EAD-4B58-9E44-A77C0D45404B,350.45,01BFC8F7-4C30-4018-A078-749977A6F1C3,78,140.89,0,1,0,1,0,0
-77.432493177,40.9693805730001,112,5599645B-F3D0-4C9D-80DF-EF571240AA03,0.73,524B0712-751D-4111-A3C5-D709EFAB8F3C,122,43.53,0,0,0,1,0,0
-92.4901753,41.433450873,113,294953D7-714A-4EF3-A6F6-44AD0B2697A2,3.37,39B809F8-7AE0-4D87-ADF0-C05753A739E8,78,67.48,0,0,0,1,0,0
-106.852704323,35.379682544,114,E2828524-E51C-43C6-9F36-B3DB05DC78F7,259.31,E6A6B488-B086-4DF4-BF93-FD6ED621417A,86,115.63,0,0,0,1,0,0
-110.539748554,40.768937592,115,19DDC5CA-1B54-4EB4-BB68-B625BB3526D2,93.77,BE2F7E92-7266-45E8-95BB-0A7C96DD39C7,66,148.37,0,0,0,1,0,0
-102.797700722,38.6896648900001,116,571A76EE-FBD8-4262-9F4D-7198389C6A34,72.35,BBD9C032-E36D-48FA-850D-0B4EB3EE0668,80,125.51,0,0,0,1,0,0
-156.642874594,20.975714381,117,9E85876F-2BD9-4BAE-859D-B14BCEDC00D3,108.16,3A7ACE63-29B2-453D-8FC7-199028ACA4EB,31,13.13,0,0,0,0,0,1
-117.413869326,44.5338430840001,118,6705E905-E91A-44F0-B7FC-8383E5B8F6FE,137.36,05F49BCC-5BF3-47D6-8C62-39188EF1083D,25,79.09,0,0,1,0,0,0
-120.165932047,46.731026484,119,DA587147-9505-45C1-B561-A243BD54426A,49.94,9EAEC431-2B0B-4240-A053-71F5C6D6FEEA,15,45.27,0,0,1,0,0,0
-163.606699875,62.2592230480001,120,B6988A2B-F07C-466E-AC7C-1B2CB71C3ECB,141.84,53FD3803-B770-4558-995F-966D97A492E8,40,15.1,1,0,0,0,0,0
-109.794712812,44.4717191570001,121,C647181A-635E-4A9F-BEE8-4342980D02B6,30.99,D3353ED1-3FA9-4CFF-BBA3-24AD837066A1,45,94.48,0,0,1,0,0,0
-114.205530052,41.476818919,122,4C5E08D7-4003-41CC-93B2-F7C0961D1FDD,60.04,E204399F-67BF-4D97-8DCB-A1DA39B8D533,40,90.02,0,0,1,0,0,0
-158.597733653,61.9828595210001,123,8C1A2BA7-5BF1-4955-83D3-304808E2A346,50.85,B991066F-7CB7-4D6C-8EDB-82E1AC99F981,117,102.3,1,0,0,0,0,0
-153.359427378,63.571042327,124,00439A2F-6C73-4CB7-9CF9-37E0536B6E39,57.57,966EF735-C2F4-486B-A281-D1862222B285,70,130.03,1,0,0,0,0,0
-145.596856481,63.1985027160001,125,2F263F75-D2A4-4F2D-ADF4-BBBB99BAD9C2,356.05,2110596D-4570-4B96-A897-4A7A66C07189,63,48.62,1,0,0,0,0,0
-153.412059775,60.8764664340001,126,18BEA917-5077-49B2-8E56-5494FBE6047A,284.53,3E6FC1B0-D814-4C02-A8EF-A8755A6BA720,67,66.47,1,0,0,0,0,0
-161.995778769,62.7178850870001,127,48ECD394-277B-4859-8903-B5CCA7B4990A,92.23,9725FCC7-32ED-479B-866F-465963A89570,69,50.16,1,0,0,0,0,0
-115.824669456,45.8869277680001,128,112A9C77-0B0C-4FE8-BC66-06D6AF9D399C,123.87,DEA0EBCA-0A68-4790-BC18-8B4EB293129B,53,89.75,0,0,1,0,0,0
-113.36725964,47.999684244,129,ED35E2C0-C199-4178-9955-D54E76712022,111.3,BA450B21-7546-4BAD-8786-D5EF8D013456,35,85.77,0,0,1,0,0,0
-92.817877298,34.539016486,130,832C14E8-69F0-4510-8269-C75B9340FF65,74.94,1B4FAE1E-8CBB-44BB-900B-CAC31ED0CEEA,14,32.64,0,0,1,0,0,0
-103.867500418,34.7892443270001,131,F793A92A-32A7-42E0-AFE6-977083CA57F5,108.13,F821F67F-2991-4D46-901F-6AC3B99C11D7,61,53.82,0,0,1,0,0,0
-115.581515243,33.616775385,132,5B4053B8-10DF-4CF8-8A64-1672095A2C85,91.18,6C7FC13A-B022-4EAC-9814-04167DEDC4EB,29,41.12,0,0,1,0,0,0
-116.454820215,32.770151619,133,1A16EF28-B278-43C8-BE6F-DA73538FBE89,90.86,909A8A9B-4C82-4E0F-B745-159BE2CC9DDA,39,47.89,0,0,1,0,0,0
-120.86743208,38.8404549960001,134,474F260E-3AA1-4B5A-B350-B34218D1BB23,53.32,9E9F6B3E-690F-456E-A166-F480D46CEF9A,40,34.59,0,0,1,0,0,0
-104.405724622,32.7514345370001,135,6B37B035-18B2-4BA2-84FF-63BD8C19F406,342.95,F473816B-A061-45A4-B6FC-B9406E7B5E9F,31,36.74,0,0,1,0,0,0
-105.794434851,34.6867741820001,136,36E79234-4020-4EEA-AE46-AEAA8873CEF9,343.26,9EA1F0DB-D383-4002-AFDC-E935F34BA392,20,24.13,0,0,1,0,0,0
-105.243531785,33.947852853,137,D4F3B5C5-A633-4BA8-9B0F-53C4ABC6B387,319.72,F182E046-A5BB-478C-871C-D8810AF7DAA9,48,33.18,0,0,1,0,0,0
-108.101695698,39.363261492,138,F8823CA1-68D1-4507-930A-933BF7E5B37F,60.41,3648BE61-3441-4674-AC0E-A5ACAF646D11,37,20.33,0,0,1,0,0,0
-101.19734818,32.10967931,139,4D5577DC-8955-47AF-BFB0-0AC03E25B0D5,82.97,610B89C6-5A10-45F0-8B5B-5C0BF1F4EC72,51,70.71,0,0,1,0,0,0
-119.2383379,34.782083797,140,67849807-78DA-4A4A-8AEF-0A3CA1E76A00,325.33,4B7C2D4C-9199-430B-B4BD-093BBBD1C61D,31,63.33,0,0,1,0,1,0
-75.000248185,39.8500075420001,141,50EC5535-1B93-45D8-92B3-EB7CCCE8C0D6,47.44,157A251E-CC63-4228-B602-5F8105CCE25A,19,31.44,0,0,1,0,1,0
-96.222024195,32.519702087,142,88138F61-AB21-4D01-9F2F-4016444708B2,359.43,8E11BFCF-4EA8-4528-906B-036E9F42B7C8,20,60.95,0,0,1,0,1,0
-113.886671183,33.5354668850001,143,424BFD7F-9C92-4784-A580-131A13AA36D5,94.49,EECFE9A0-230D-42AA-A4A1-824A5E16F0EB,44,53.52,0,0,1,0,0,0
-114.788185069,46.782170078,144,4BBE029B-8571-4D99-8DF9-857039D14CD5,256,C8FCF33C-1C13-4434-B628-975C6C4BDC72,30,89.41,0,0,1,0,0,0
-76.209522222,35.9380722220001,145,75DFCA22-A8AF-47B1-A407-57D3105491AF,272.56,3CDBBDEC-B707-42E6-B731-166E2DAE3D80,25,72.82,0,0,1,0,0,0
-88.936904318,30.2726650330001,146,0E87069A-0FD6-43D3-AE19-F21C1D404975,65.24,6B58684B-0FE8-4B11-B18E-7DF4E1CD3E07,61,50.04,0,0,1,0,0,0
-115.937391491,33.905296358,147,6F892802-CB87-494A-97C8-6B8178192EC2,33.81,1CE513CB-9F2C-4CDC-8269-3F7ACB83DF55,20,14.95,0,0,1,0,0,0
-110.975189564,37.876923472,148,7FA668AD-24D1-4814-BDEE-5FA302E94895,21.57,E53D1FA6-1ACD-4F6F-A040-5974A59D9DC8,61,34.9,0,0,1,0,0,0
-107.854082353,42.243367586,149,5B4BACEC-95E7-4DF0-A1B3-34CDAC1D2517,52.63,241D7DB7-12D9-4C84-B140-AEC0AD756608,65,86.47,0,0,1,0,0,0
-122.871775771,45.037250419,150,F5D2549B-1487-4502-84C4-A1DABA448BAF,15.19,69DFC39E-8A63-4CE7-B043-13B0F84E2862,57,44.26,0,0,1,0,0,0
-88.936904318,30.2726650330001,151,9AE50D10-89B2-43AB-84D8-0E5C34340F12,65.24,7ACC6AC3-DD3E-42C5-960B-461F9A8C9DF0,61,40.86,0,0,1,0,0,0
-76.821583029,39.3361581200001,152,76BF0735-84EB-4215-A28D-ED551744ACDC,142.4,F4B5CA44-C200-41F0-AED5-5186AD1BFF91,12,12.4,0,0,1,0,1,0
-123.872432439,40.0710054890001,153,5AFA5193-0E44-425F-81F6-37B872A45735,335.73,65965405-F885-446E-8FD6-8FE52607F228,67,39.67,0,0,1,0,0,0
-107.681428914,35.230423565,154,1E6F3964-64D8-42F2-9B0E-17EE76E8FEC1,284.97,31629F3F-34D5-4D83-B3D6-07DE9A01745C,44,60.3,0,0,1,0,0,0
-118.769217631,34.040222876,155,E5AF53E2-232E-48D1-B522-7C9E9ACB758E,291,11684840-C39C-4862-9B7B-17A6C7BCEC70,18,14.67,0,0,1,0,1,0
-143.41193222,60.088460061,156,90892FB3-2386-4458-ADE6-D022C34E0A73,288.56,ED81C3D6-A05E-4263-B8C6-4F22AF8F9A1C,119,98.32,1,0,0,0,0,0
-150.363610226,68.2648809620001,157,BF8A7406-717D-4F77-9D02-D78C27FE9A3F,17.67,1E909237-89B4-4C03-952F-BDBB017ECD38,83,126.92,0,1,0,0,0,0
-107.818738573,40.7980273050001,158,6DC59374-162E-49D8-B6B6-2160D99A5C07,69.04,7EFC69F1-62C8-404B-BC40-3AA1FF5F12EC,112,101.18,0,0,0,1,0,0
-101.915409647,38.8484702260001,159,0C694E94-BB23-42E2-9520-F4F5B049A8D5,88.13,B7033E3D-A280-47B4-B40C-E6017517E1F6,80,123.68,0,0,0,1,0,0
-153.805423297,69.0294500370001,160,E004D8D6-E65D-4F92-A61D-35D02098A21D,339.19,B80F7EB4-AFA8-47E3-80E6-62F79CC26E5D,130,156.11,0,1,0,0,0,0
-109.18952586,38.84099131,161,FF09E8E2-0BB9-497D-9A87-9559B492E923,69.83,CCBB9E84-AED1-402D-BC08-BE2E87A3869F,75,113.39,0,0,0,1,0,0
-111.433822027,41.3691585600001,162,30BFBB72-667B-4A22-97F3-4A104BB34835,219.68,270F43A3-B15D-4B1D-983D-FAC5DE7F934F,94,39.54,0,0,0,1,0,0
-110.950698618,34.8350937490001,163,CEA445AB-BFB1-4426-B268-32535C990864,83.57,CC7A11FA-7730-448A-901B-13B76C3D2891,76,89.01,0,0,0,1,0,0
-111.976391087,38.5475230540001,164,F7C83A6B-0116-45CD-9750-BD8882160075,76.75,ACC40087-6A45-465B-96CD-256FA222130B,50,152.58,0,0,0,1,0,0
-113.551669648,38.319368307,165,858F791D-D7A3-417D-87FB-E172B5C8F69D,83.79,8E29B4EF-5656-4AFB-BD00-BFD7EB22F53C,40,25.55,0,0,1,0,0,0
-112.199958333,36.5595888890001,166,FDDD026A-503E-48F2-8DB3-28BBD475E21E,355.86,076C0137-86D5-460B-A7B6-A26C8D178E01,36,67.87,0,0,1,0,0,0
-105.640878601,35.5948526710001,167,20B92B94-14EB-49CB-95BC-09956E693681,80.97,DB58CC8A-82EB-4A03-8DD5-142913A3F07F,21,25.01,0,0,1,0,0,0
-117.574935305,33.780203102,168,24EA3C3D-48EC-49D3-AAE8-2CD1A388165B,90.31,0155F5A9-8BCA-4D51-9E49-D4D177390493,24,19.48,0,0,1,0,1,0
-149.430461657,65.698988463,169,F9378D2F-29EF-447E-851B-B7BBEBF833B7,143.95,99D4E037-D862-40FD-9C9C-55BBDD2E45D8,89,64.61,1,0,0,0,0,0
-168.0846034,64.0820285460001,170,CCCBAA46-0366-482A-A884-2AC5C21AF656,69,F7B92F56-6C02-4FC0-8419-A7C2D5380C92,67,78.4,1,0,0,0,0,0
-150.630725168,65.0518841140001,171,33D41E1D-9E7B-43B6-A6E0-34351510CF95,100.17,485F7265-AE80-4727-8274-40BBD4F8D8F2,40,68.54,1,0,0,0,0,0
-122.981177293,38.7048049140001,172,1E37C7A6-7A2C-40D1-9F7C-E09A3D85F234,146.98,C842C1DC-8726-4463-A85A-929F61627646,25,73.69,0,0,1,0,0,0
-119.960599017,46.2951943910001,173,8662F6B7-D7B1-4D56-B94D-0A964CEBF58C,129.24,5267EDEF-AAEF-40FD-AC77-2FF57CCFD35A,26,55.77,0,0,1,0,0,0
-117.413869326,44.5338430840001,174,B4C21E79-BC75-4633-BC69-1A199270DFD5,137.36,99C2DFE9-2B24-4497-A020-B9E4618C07DC,25,79.09,0,0,1,0,0,0
-159.086085839,69.761719439,175,B4A41889-340C-4155-AAD2-C084FE3A6453,22.59,762DAFD2-4BBF-4969-9165-1EA76BC78EFA,186,104.91,1,0,0,0,0,0
-104.993174249,36.1103264330001,176,2630365D-51FB-4765-B1B0-311B1814D8C6,14.32,A7E8A3D2-CEF0-4CD6-AD73-A540EADDC370,28,23.58,0,0,1,0,0,0
-104.75346052,36.9828787010001,177,13B13352-18EA-4D99-B93A-05BB52EDC366,10.95,061442B4-585D-4F9C-8577-9030B69F161B,30,80.09,0,0,1,0,0,0
-79.444385059,35.3339075550001,178,BA1A490B-1CB1-4825-99FF-A6E60327C3D9,44.79,FFFE6245-7A9D-475A-A24C-7899A47D0D5F,10,45.69,0,0,1,0,0,0
-100.17395505,31.034497592,179,296739E9-AB4F-4AD7-9E8B-26E19BDD3C18,144.58,91985775-39EE-41CB-A038-6708F82D5C30,25,31.96,0,0,1,0,0,0
-121.77140642,38.1659280440001,180,E8FEE5F7-8BD7-456F-B2EF-C4E9AD82F600,39,83764AEF-31EA-4C6C-B783-61E366565E1B,34,19.62,0,0,1,0,1,0
-99.053044798,33.117846953,181,CB01C4F3-6714-4A50-8D20-B3A5DF6ECF20,47,5C6D7072-9E14-4458-A32A-55ACA491F2A0,56,56.94,0,0,1,0,0,0
-104.818132403,44.383314182,182,800E3635-281A-4017-8055-2B355BC11E98,105.2,2C83F2E5-7741-4BDA-BBCE-E69C858EC8D1,100,81.7,0,0,1,0,0,0
-115.728492745,34.9897490540001,183,E0ACA80C-6409-418C-B899-DD42A6AFC088,72.12,ABED1F03-0B43-4035-BEBF-B4175394DC20,38,28.52,0,0,1,0,0,0
-106.014225307,36.217655489,184,E5BD3755-DCF0-43F9-B420-92EA532346DD,71.49,4855FE4F-47B4-4876-A27A-00C8E8309501,146,58.07,0,0,0,1,0,0
-108.523992879,40.446593985,185,F6381586-52EC-472E-9112-DCA8C4FCC85E,265.89,95DB0328-0D24-4B48-881F-3CA5ED72B718,56,44.6,0,0,1,0,0,0
-80.009829063,36.512209247,186,7CE1E696-37A7-47FB-9038-6321F542876B,356.69,A2865F5D-E84D-43B5-B1FD-74B06EA898C7,28,49.9,0,0,1,0,0,0
-117.14331557,37.271455406,187,56FE616A-1077-4259-AE19-6283C58E70CC,326.15,216F6196-76E1-4551-8DDC-8B32DE49764D,34,53.09,0,0,1,0,0,0
-121.058000465,47.4187943060001,188,6D9D57F1-77AF-4664-82F1-75D864A30DBD,90.66,8D2347D8-6D91-4B4C-8648-D2F2EC1D635D,51,34.54,0,0,1,0,0,0
-119.965580194,47.3934700070001,189,346B8DC1-9605-498B-9A82-6ADC639645B1,92.05,341D7FC7-48E2-4498-9B58-7D87A4C52EC3,10,22.1,0,0,1,0,0,0
-94.097016988,34.087027978,190,28D1C6FD-8019-4ECA-B420-6E833A548DA8,63.85,30FFD885-F4F7-436C-BBA5-B07924E3AE86,75,55.27,0,0,1,0,0,0
-79.364035572,38.544992801,191,4C187BCB-3926-445C-8D9B-3F32A819E726,83.36,D8621C1C-556F-4CC0-A477-BA329E211505,114,70.72,0,0,1,0,0,0
-106.34974779,35.059671704,192,3626E655-CD05-499E-9094-59C7A6A4DE21,87.49,C6DD32E6-168A-4257-A5A6-AD1E02279A02,23,20.39,0,0,1,0,0,0
-116.860826377,34.757875047,193,925A1AD8-30E2-4E7B-9612-2040A41167B3,82.4,09ABBE64-F331-4882-8F8D-33A36116ECE7,60,19.81,0,0,1,0,0,0
-81.506492424,37.1358148670001,194,08EC7D3A-A5A9-46DB-932E-5777CC0DE33F,350.46,825A8BB0-CF58-4B5C-95BC-D90528FC0CFD,77,73.82,0,0,1,0,0,0
-75.2279582159999,38.429887749,195,E7C0A300-64E7-4EAF-949D-7BC4977530D9,26.42,8D44A593-1E6C-4430-A93A-E70F7B38880A,25,44.66,0,0,1,0,1,0
-104.268462174,31.8077101440001,196,BE00F77A-80FF-40EC-9C56-ECAD6479BAF0,84.91,DA7F9BEA-1A03-41AC-B700-FFA5991F18FF,42,52.53,0,0,1,0,0,0
-123.395435482,46.9635207690001,197,F8397F6E-387D-48D6-A970-145FF3096F8D,87.89,001CD661-368F-4838-9B14-2143381C6C65,31,20.29,0,0,1,0,0,0
-114.117161111,47.390525,198,F6680950-6804-42FC-8D5B-EEE12E7DF9F0,357,342C50BD-4018-42E9-AE58-EC933D5734FF,29,49.5,0,0,1,0,0,0
-114.780142725,35.7356566180001,199,6FA61BE0-FD65-49FA-9C07-3C4E118D4A59,345.57,1B080BAD-9767-487D-A470-15FB1C56D91E,60,16.11,0,0,1,0,0,0
-115.309388234,43.0043680220001,200,8E4FBC42-515D-4072-9B10-7A5EBA8C821E,311.23,34CE8966-35AA-45DF-8CDB-068DEF6E8C5B,48,50.79,0,0,1,0,0,0
-114.785756821,41.6762091200001,201,E1206FD2-1648-41F7-B4C2-21BAD15CAFB8,15.13,43B0337B-F34D-4581-BEE0-C57981A44CC9,33,50,0,0,1,0,0,0
-107.809631321,40.6445622640001,202,7FE5D0F9-64EF-415D-9693-CBFDA44789B4,8.65,4A94AFD4-36AE-4133-AC3C-8B06093F6121,35,67.43,0,0,1,0,0,0
-116.841722885,47.526264204,203,30B57D59-4BE1-4438-AFB5-5394027DEC6A,93.87,76678535-FE39-42A3-B1CB-96058340971F,32,48.83,0,0,1,0,0,0
-113.250210347,46.7952490640001,204,51A0697E-7894-4F17-B73A-D75E1CA32645,100.85,2A575593-E8A0-4564-B510-6FA2F2DF5445,35,54.7,0,0,1,0,0,0
-119.794819444,47.134325,205,7ED676B5-5160-445D-AFEF-75BE1DEE1366,76.12,2E6C0164-FC97-411A-ADFE-E376783DBB4E,28,20.1,0,0,1,0,0,0
-108.621026969,44.4004936850001,206,964B650F-35D2-4AB5-A9DD-DA4FEED31B03,312.38,A3F33DBA-983E-461F-BFFF-2A18F1749877,39,19.83,0,0,1,0,0,0
-114.884338208,40.7492605530001,207,C5A279CA-5A8F-4746-97E8-CBE0801630D6,90.61,560B3EF1-09C9-44D2-9A87-14011F389A36,40,51.42,0,0,1,0,0,0
-77.6504874029999,40.681053058,208,68E445B0-CC38-4EE7-83B5-D17710623723,310.67,FAA1651F-DE76-477A-A937-EE7F2D60F0B0,35,21.03,0,0,1,0,1,0
-112.117510412,47.4489888200001,209,44610B83-B58B-449D-8EB7-47713D8148A7,352.47,A2429E30-7024-40C2-81C2-CCD29AAEFDA3,51,67.62,0,0,1,0,0,0
-79.662057537,35.375286707,210,A820EFFF-5B8E-4194-AE88-9B455F6B5F46,158.98,8177E6AF-EFE6-4935-BF39-EBC6738087A2,43,10.24,0,0,1,0,0,0
-79.2521478799999,38.5290645050001,211,A4085E93-A783-4CDD-A5CF-55B94F20D64D,119.88,E5C0F166-B095-48B3-AA86-0FA1F5D76D89,46,60.42,0,0,1,0,0,0
-79.444385059,35.3339075550001,212,2D182B67-5CF4-4DDB-9CD1-F623F2EF4C8A,44.79,3F6CF780-68D3-4C70-A333-99E2CE8DB0C4,10,45.69,0,0,1,0,0,0
-154.078281235,58.173526257,213,42C34152-55CF-4CEC-872B-2DACD7C4CC47,294.07,A89066BC-4FDE-43F4-864B-445C14434FB8,60,91.08,0,1,0,0,0,0
-110.973816758,35.0403658560001,214,DAEA75F8-EE4B-47F5-A848-0F58E7F2DD8E,74.35,12BADEB7-674D-4C39-B697-C4021E4C67B0,77,106.56,0,0,0,1,0,0
-106.014225307,36.217655489,215,EAF586E5-55EE-40CF-BC40-8902B1884AF8,71.49,3D09AEA9-C36C-4E7C-8254-06662D19015E,146,58.07,0,0,0,1,0,0
-122.770167356,43.976371167,216,B0766929-77C5-4CC6-9576-B30EFD95EBF3,3.94,DED2EE99-7810-4FA9-8986-D5847124F8FE,90,106.57,0,1,0,1,0,0
-109.067515403,39.5851220530001,217,B66B9F4F-26A6-4F18-8E2C-3509FD27C2F9,124.29,B37153AD-1F8F-480B-AB9A-2D3B7F4DF05C,60,116.12,0,0,0,1,0,0
-95.414991151,46.1308360130001,218,E0681925-DB2F-41A0-BCDC-3CD677B72642,69.9,59EC7374-0493-4350-8A68-6B050E43E55B,130,140.39,0,0,0,1,0,0
-137.465146505,58.1637446660001,219,77E9D123-D7E9-4FB0-B481-C834C6B226D6,322.51,790E973A-A2AC-4C7F-9234-B5398D3D5729,98,107.74,0,1,0,0,0,0
-116.747695689,45.1769495780001,220,D180C12C-1A7F-4FF3-B1C3-43134A077C68,346.41,327A0376-36FF-4DBE-A595-B0832160492C,100,148.25,0,0,0,1,0,0
-111.084059162,40.687110901,221,6EC6131F-E55F-4DC9-9808-6F5161CC0388,284.77,F54273CD-0D23-41B3-AA69-1A56F00936C9,75,42.17,0,0,1,0,0,0
-113.729841762,44.3651823770001,222,98FBF2E8-2022-4C52-A961-FE2AA119ED82,101.92,88C1AB71-D1DC-480B-BDC2-4EB9D6EF7715,109,67.58,0,0,1,0,0,0
-113.484187815,41.842998052,223,B29C5F03-188F-486A-918F-AE9496C048F0,130.08,233B0990-1B68-43B1-95C8-4E0FBBE125B3,59,90.22,0,0,1,0,0,0
-95.62710696,32.0904177560001,224,D83DA701-2F64-4D2E-8666-1C9A5A6EE7C3,280.94,753C1D99-096E-48F7-A97F-27BD2F21C175,5,30.64,0,0,1,0,1,0
-83.096805221,33.31552163,225,FF25A6CE-7322-4432-A198-4A1E8AA448D4,343.42,E6451020-D99B-431A-848C-8DA99BB3210F,47,39.54,0,0,1,0,0,0
-105.519475423,35.3139837910001,226,ACD4A856-761C-4B65-B4AE-043DD3352143,116.75,CC08D345-486A-49FA-AFFB-D21B07EC3D72,30,26.5,0,0,1,0,0,0
-108.826797363,31.7900163050001,227,61CDE488-8BB4-4B23-9683-C6AE819D571D,64.23,EBE2F0DA-9B5D-4000-9644-A6E51A21BF30,44,66.06,0,0,1,0,0,0
-101.197443175,32.11005541,228,56B9CC52-A22C-4E35-A00A-668A6141A527,82.97,BCE98D02-7B2C-4318-B8AD-F44FDF8197EE,51,71.39,0,0,1,0,0,0
-97.175639437,41.0724896030001,229,A0EA4A3D-E9EF-4912-A6DB-9B8862BBE491,83.79,8E032E89-7948-40C0-8940-0B15D888483B,52,65.49,0,0,1,0,0,0
-107.331985179,39.674487786,230,2BE2019C-A978-43BD-8F59-9A50D52456A0,63.89,855C82D2-5DEE-4CCA-A735-BEC706346582,20,45.58,0,0,1,0,0,0
-104.268462174,31.8077101440001,231,CD9F9AFF-8F01-4F28-A7BA-A33A9FCCB7E3,84.91,51923735-5E10-4AF0-8903-E069B3D0C4EB,42,52.53,0,0,1,0,0,0
-106.685343468,41.750936177,232,0DB2113C-DC4E-42E2-9CCA-CABEF580A551,83.97,9AF1A615-82DA-4D75-A703-17C60F2098B9,105,144.16,0,0,0,1,0,0
-110.973816758,35.0403658560001,233,96D639BA-AE37-4D4D-A7FC-2AD6C12A8D6E,74.35,BC783BF2-30E8-4ADA-80B5-2653715C6D3F,77,106.56,0,0,0,1,0,0
-104.70122758,31.977323776,234,BEDD6CEE-0C3B-46B5-9060-CCF210D658D1,55.04,EE0A8573-A106-4CC7-B8BB-9C5C49A8F990,24,29.44,0,0,1,0,0,0
-120.456937109,36.2899349900001,235,6ADE6FDD-3CE2-4A55-99A9-FFFFC534AF37,328.98,DD2BBDFA-C827-49EA-9E0A-0327AFA75B76,45,29.89,0,0,1,0,0,0
-107.430744713,35.8712639120001,236,1FFC48A8-E02C-4AF5-A998-7F1BD14816B0,328.9,FC206004-30F4-400E-BCDB-D3CE69EF9522,58,61.74,0,0,1,0,0,0
-77.411881192,36.6544446440001,237,2218262D-8700-44E4-881D-DE6932BB556D,19.13,641637A2-5572-4BE4-A2CF-6D9D0CA859FE,43,42.85,0,0,1,0,0,0
-116.120603972,35.0583711360001,238,F71D08C7-4460-490B-B5C7-E0EF3D105B95,47.07,A981656E-4C4E-4C86-8B0D-5E681C144726,23,83.36,0,0,1,0,0,0
-117.806423136,33.847542983,239,85935F72-A703-4DB2-A001-B0C5D735DCEC,72.71,888D478D-E34C-4ADC-8F26-7D9FB878C09D,13,14.45,0,0,1,0,1,0
-107.631490753,39.2960702330001,240,EC487F0D-8D59-4F05-8191-E8D8A0CFE46A,74.97,91BFFA38-F624-4BC6-B41C-5DA7DE9DE675,56,14.7,0,0,1,0,0,0
-121.653038213,42.532694259,241,BFCE7CB7-EC9F-4490-BD9E-B1410104A0F6,8.26,352B0AAC-BA0B-460D-A1ED-9B35ADD9BD9B,23,104.31,0,0,1,0,0,0
-100.950602414,35.6983371740001,242,42B1DEAF-DDEC-4FEB-BC41-9FB986348927,52.67,EE6C99D2-BB35-42EF-BB69-DA73B0E6E1F6,46,64.88,0,0,1,0,0,0
-77.008777778,38.0891500000001,243,10CE463F-C250-4DF1-8B56-FEF5F35A2BF4,132.19,F7B480C1-13BC-4CE3-8190-4D1837BA37A9,22,65.52,0,0,1,0,0,0
-152.736592398,62.098988514,244,F2906E1E-4E43-45EE-B89E-833A0CA611BB,121.41,63AF5119-08BE-4672-B837-25323CF439C9,95,104.07,1,0,0,0,0,0
-115.71521255,35.6478786530001,245,C850F9AC-21B6-4A95-B64B-A0554480B774,45.65,482D864E-2249-49A3-9AD6-37CADF632D70,59,37.46,0,0,1,0,0,0
-75.5129752779999,40.0324923970001,246,F2E07072-A3FC-4826-AB4E-AEED6186EB55,46.65,BA942BE6-B961-43C3-B911-575E95078B88,10,48.41,0,0,1,0,1,0
-106.149633665,38.9185812740001,247,920BD067-0C29-481E-B603-53D88E439D8F,55.95,AF4708B9-098F-4B4B-B8BA-073D47920404,50,85.2,0,0,0,1,0,0
-119.365433237,46.9637967640001,248,933C8B3C-F501-4141-A05E-71570F1C870D,61.65,D53441F8-B62B-463E-AB5B-F25D51A29286,50,80.07,0,1,0,1,0,0
-113.332838488,46.9414623580001,249,0F793B84-898F-4DE9-9CD6-15368FDE878C,107.25,C50C6537-4885-456A-9FFC-C3DA40F606A1,100,59.89,0,0,0,1,0,0
-123.320341224,41.5544699220001,250,4D0E866A-CAD9-4671-8AA7-76F45A3C02A7,359.21,169E2474-AA26-446F-B4D7-33555CC36C7A,150,97.63,0,1,0,1,0,0
-103.923787943,42.578573637,251,9B2F7B8F-08F0-41D0-8AA4-E6470E4974EC,24.6,55CEAC15-3F13-4929-9B6D-ED11272C67E9,90,93.28,0,0,0,1,0,0
-91.620036386,36.5940205900001,252,CECEAF4C-3E97-4481-9309-C22ED40DCAC0,13.26,7BD69014-9A7A-4FBC-824D-31FBAA73E006,118,129.64,0,0,0,1,0,0
-106.775323621,38.2506288370001,253,0B0F7DE9-4810-47FA-A331-01166EEBB5C4,74.81,8CABC2D8-8124-41F6-A0AF-32ED010DC66E,105,152.89,0,0,0,1,0,0
-88.079468795,41.2457023270001,254,6D3E0817-1D11-4DBC-AB9C-A336342876D5,5.51,77536CB4-BD08-49A5-AD7A-44129E5669D7,40,58.8,0,0,0,1,0,0
-113.970537516,32.77606919,255,EA025EC7-F506-4EFA-A2E0-6D3DBFD2F32E,89,E048480D-B535-46EC-B4F8-37DA68EDEEE7,32,66.39,0,0,0,1,0,0
-106.102853244,40.521097345,256,0C7AAE0C-CC80-4A39-922A-D432599BB952,89.55,2A1BA854-C513-48EA-B4B3-80CA8974F424,55,89.51,0,0,0,1,0,0
-116.845725664,38.0806706230001,257,557581C3-7102-4414-8F56-46BBD0A54CEF,83.67,09EDE1CD-EC93-4F6A-B14A-76B12BA4E00D,44,116.52,0,0,0,1,0,0
-121.386992609,45.015795815,258,C81839AC-F12A-4339-9BCA-3DD8F0930DC0,346.12,1DA6CA39-C9E6-463F-BEF7-C10E1D2BDB9F,156,150.34,0,1,0,1,0,0
-149.461781142,60.052245418,259,2804AE0B-EB26-4EC4-B97C-B3AC3707DB3D,70.26,9EBCCF23-F848-4376-8A1E-A4596EE52CF6,63,90.09,0,1,0,0,0,0
-106.384330355,37.4928114860001,260,19BC03BC-81FF-4BDB-8592-8ACD0D0A374F,61.02,EAAC2258-45FF-4655-BDBA-C1BC3A19DBA4,93,105.12,0,0,0,1,0,0
-87.257046187,43.162954799,261,4302EA23-38B9-4BAC-880F-307AD51558E2,111.39,F867F475-67EC-4B23-BBC3-58DF248428F8,115,-45.19,0,0,0,1,0,0
-116.845725664,38.0806706230001,262,63743BC0-384E-442F-95B1-76612B9E3110,83.67,C2E6E5C3-5820-48DF-BB82-FD6E480E9EA0,44,116.52,0,0,0,1,0,0
-89.64985725,41.4228852750001,263,9C449E26-650E-4A36-B697-E5AC6050C252,81.87,A1A711D6-00CF-425F-88F2-3209ED6760C9,45,60.56,0,0,0,1,0,0
-118.576424383,38.6681307970001,264,AE48167C-D4E6-48AD-8E9E-2465E32CD3CF,316.57,2A697A10-D97B-40F9-B4ED-4DF9CF2BC576,55,72.35,0,0,1,0,0,0
-119.571927214,34.8004680220001,265,F42AFEEA-5269-4E21-98F1-A45737A7A4D6,29.43,B54F0A4D-0A38-4320-A18B-1100B2B62E21,20,47.18,0,0,1,0,0,0
-73.704638889,40.8675916670001,266,7ECCE87C-B5B6-488E-9CD4-8C27DB9BCA98,55.99,55CAF165-8AA0-4C8B-890C-75FA233151C1,9,31.67,0,0,1,0,0,0
-148.817299675,60.0621118810001,267,CE5BC1B9-FF21-42A2-8B4B-94EA8915FB51,298.27,4C999F14-B5D6-47D9-8A34-C7DBB368914A,84,83.43,1,0,0,0,0,0
-78.248450922,36.6187433260001,268,B6DFA1F2-B338-4FBF-9D47-07F5CD9D39F9,53.46,5ABDD294-3080-4084-AFBA-6EC770CA104B,82,20.5,0,0,1,0,0,0
-117.810874714,33.294378033,269,0B895AF4-529E-4360-9CF7-AE00ECEC5368,98.8,99C3BA91-6BF5-402E-A799-E00C16642FBE,31,20.04,0,0,1,0,0,0
-163.835989369,62.578247004,270,95203460-D397-43B2-925C-F062267718ED,44.07,42DBCCE3-D488-419F-AE14-538F2C18DAF7,91,116.64,1,0,0,0,0,0
-148.847062231,60.069427514,271,8575D69F-352F-451C-B6C6-5851BDCECC4D,298.27,204D2993-703B-467C-A888-CB5B5E1AC8A1,85,77.54,1,0,0,0,0,0
-150.648384771,65.0533799630001,272,8535B2FC-4E41-4C7D-BC55-D3E6FAC086E4,283.95,7E76C26D-64CC-4110-81F6-0C1D1FC4010B,69,39.54,1,0,0,0,0,0
-161.20268061,66.7415005300001,273,0A08C142-D4ED-4F5C-A9FC-27495F68B253,287.03,DF55050E-D20B-4E23-8528-91F3D31A1F78,30,33.07,1,0,0,0,0,0
-153.688028823,65.3845601400001,274,E6542E7E-1385-432E-85EB-AB93283E28F8,288.85,2128EE0D-D6AB-4778-B049-4DD498141914,40,69.59,1,0,0,0,0,0
-81.2373066659999,38.542662815,275,E672C6BA-F6A2-4B9B-9A21-A81D26226B6F,353.31,D6C1BAE1-E787-4EFF-8CC9-BDC090B5566D,46,54.24,0,0,1,0,0,0
-111.5504006,41.2773634380001,276,146967FD-5FF2-4709-BE5B-D58D216847C5,82.48,A405B5F0-EBB8-484F-B883-4D0B38D4AB4B,25,51.28,0,0,1,0,0,0
-92.96858904,34.052466908,277,2FA6B7E4-930B-4306-9489-1C6A30048B9B,346.79,AFD8DCB9-FF78-422D-865F-1333E0CC1764,49,26.23,0,0,1,0,0,0
-93.123966283,35.2627052030001,278,3CCEADD5-9E3B-4FD0-994D-E8A0559D0D0F,358,100B866C-4F85-42F1-B903-C465A4E36A92,47,63.39,0,0,1,0,0,0
-97.175639437,41.0724896030001,279,EF8AF8BA-7A46-4D46-A2FC-80717632ADBA,83.79,B08834D5-3368-40FF-88C3-A0EF0369C271,52,65.49,0,0,1,0,0,0
-113.405803489,35.2152669010001,280,E43C34E3-9534-4199-A7B0-7923377496CB,304.2,F1DB1D29-4DBD-4C7B-92BB-F8D39BB1E894,55,85.29,0,0,1,0,0,0
-115.45152024,44.081624473,281,65CA00C4-5113-4D7B-B77B-B2A5C31E4834,45.14,8399C87E-97A2-457D-AE91-9AD1EC4BA912,45,81.55,0,0,1,0,0,0
-118.160651868,44.807447944,282,344EDB2A-06A5-497D-83C2-3FF16B0C5BB1,81.27,16A0770D-0F29-466A-A1DB-2692E09B8B8C,67,15.22,0,0,1,0,0,0
-92.817877298,34.539016486,283,616CC37C-66A8-4205-B87C-4C507BC7A854,74.94,7BFD8F73-82E4-4C6D-B98C-5CC86DC51624,14,32.64,0,0,1,0,0,0
-73.6566124239999,42.669908413,284,90149DCE-55B2-49D4-966B-04A403A6F9FC,125.54,5B96E31F-81E3-4390-A466-902C5E23228B,8,38.72,0,0,1,0,0,0
-79.444385059,35.3339075550001,285,D220C908-D21C-4914-AF95-ADE35AF4C9D1,44.79,C4FA836E-BB86-4238-99ED-18A22CCEFD9A,10,45.69,0,0,1,0,0,0
-75.303535645,40.847841047,286,42DCB837-8451-44E8-BAD6-8A50E3D64D37,43.44,E7C323F9-5E3A-4892-9EA4-13AFDEE1027B,10,46.67,0,0,1,0,0,0
-117.93129981,33.92574382,287,FEE239FA-CFBE-41AD-B081-4F85F356E21D,90.88,5F357A56-F95A-410D-BA21-C361CB51B92C,25,20.04,0,0,1,0,1,0
-77.6509727449999,40.6813927320001,288,19E54E8E-397C-41BB-80E5-BB0FDDEFC28D,132.01,24A335B8-063C-4B7A-A26D-4F6BE2B8B01B,21,35.03,0,0,1,0,0,0
-117.475552405,38.0147811410001,289,D1BB5F1E-699D-4CE4-9FD0-3A864CD8A47E,87.08,FE7C689B-686C-4F62-A58E-D13D4298A99E,14,20.98,0,0,1,0,0,0
-115.983606398,38.1252140560001,290,B953D7D8-CCE8-4761-B784-5D4B832AD830,83.17,973546F0-7679-4286-B4FE-E12C5EAF793F,50,75.62,0,0,1,0,0,0
-112.166180675,38.38626894,291,0A523CBA-0FD4-4EE5-9FE5-4E930F68B2E3,87.51,5AADD3FC-D334-4C3C-9038-8695E47B12D3,40,69.19,0,0,1,0,0,0
-117.070116667,46.5479777780001,292,EDDA72F4-F337-4EF8-942F-EF2F7E0A9687,320.28,83F6A641-A012-4C60-8997-87587D8C577A,13,9.88,0,0,1,0,0,0
-77.6504874029999,40.681053058,293,4C8D21BD-3007-4C89-8AE5-45C6BE0DA4E7,310.67,C00B300C-09DC-4D4E-A199-A0613B611F49,35,21.03,0,0,1,0,1,0
-115.088724029,39.689818448,294,2964D785-0DC9-4D76-9103-92B3E25AC3F1,334.64,88FAAEE8-B86B-4EC7-972B-2D2668445B3E,26,71.21,0,0,1,0,0,0
-117.93129981,33.92574382,295,27343730-4152-40F5-8159-3D2D503D0C4D,90.88,CB794EEC-2E52-47B5-9980-F854F8A29FFD,25,20.04,0,0,1,0,1,0
-81.263280645,32.7449726190001,296,348ED878-635C-4F25-AD62-02D4E23E4E1A,354.82,79755ACC-2A5B-488D-8ABF-541E09A700D6,36,16.09,0,0,1,0,0,0
-79.633812544,34.566298929,297,FF034663-B74D-4DD0-A1E6-FB23FA7025FD,3.32,1A75C623-9477-45D8-9502-9C1DC96AC184,20,38.96,0,0,1,0,0,0
-159.550391561,67.0423637710001,298,FABA1E9C-CBE7-429B-AA7A-1729C907FBF1,265.33,7DDA6DBA-A2C3-4A57-9921-07E974E248C0,40,71.01,1,0,0,0,0,0
-106.638640259,39.932177875,299,85F7DF83-B52A-403A-81D0-878893570A97,97.37,FC56ED29-721B-40C3-9883-2714A89EE2A5,60,94.27,0,0,0,1,0,0
-120.586881635,35.4866327510001,300,3913C687-8749-4DE1-8408-C36158056B55,325.74,F52FCBB1-AD9B-45B8-A0A2-536D34B0365C,71,86.14,0,0,0,1,0,0
-111.249917439,41.041497215,301,3454CC25-7E2A-4A08-9008-9AF0E31EC6DE,70.75,2672D7B5-A4D8-4705-9B3A-8AE93557E62A,35,106.45,0,0,0,1,0,0
-108.532418517,38.210184541,302,06CF100B-B393-48F8-AB6F-B1689E6D4BE3,346.83,366C9CB8-DAD4-4ACB-9BAC-E071159CFB5A,90,52.37,0,0,0,1,0,0
-110.353362618,34.010645696,303,556F7CB3-F5AC-4A1C-92BD-EA9EFAD05BCB,66.4,066FF4A9-EC3E-4295-AAC8-4E46FF4468BE,88,65.09,0,0,0,1,0,0
-102.698960042,39.953661256,304,164F9BA0-574F-46D7-A312-E026B8F8BA9B,79.3,6431D797-2330-47D4-ABDE-73EC96F3862B,90,98.33,0,0,0,1,0,0
-143.358794089,60.0811573980001,305,A7EC4197-3A1D-4B96-9011-92B4A50D8FE9,288.56,225A4143-B240-478E-8096-BAF769E01434,117,100.32,0,1,0,0,0,0
-88.079468795,41.2457023270001,306,C8017CD6-F8D7-4C05-91C3-ED02EA40960B,5.51,637D9F96-70EC-48C1-A1B3-E8478A9795DA,40,58.8,0,0,0,1,0,0
-88.456695961,39.9607891520001,307,265E39B5-1A5B-4C32-9588-AD0E0AC9CD84,19.31,17591B08-F841-4F84-89C1-AD85F36C1F94,98,39.58,0,0,0,1,0,0
-106.773906713,35.592436827,308,E2BF5948-F37B-4F62-B9E5-6A54A2BC22AC,85.51,BD22EECF-AEA3-4615-96B8-E3A62E25F65A,103,80.24,0,0,0,1,0,0
-109.181200025,46.542269097,309,D340D2E0-F2F9-433B-AED8-2F4A9955BEF2,90.92,FA284221-CDCE-444A-88C4-66CF6D491289,115,134.02,0,0,0,1,0,0
-117.574935305,33.780203102,310,4BBCB9B4-8D73-442F-8E6F-7E8EB3C6BFD0,90.31,88F3111A-D41A-4300-8CD1-7EECCAA6DF19,24,19.48,0,0,1,0,1,0
-115.60051592,33.810220864,311,FDE07F1F-2C9F-48B6-ADCC-63498061E019,68.57,04AA4D88-B7CD-432A-9401-E1FF0140B505,30,49.12,0,0,1,0,0,0
-122.469691007,43.1480701940001,312,147247DE-CF0D-4C86-B6CE-CCEAEE1A5B6E,150.39,B4415564-97CF-4F03-9609-F7B1AC838F6A,67,68.08,0,0,1,0,0,0
-153.861916473,64.729392929,313,6DD7C458-4C3D-47AD-B310-3CAB0F84C709,89.08,B129AE3B-A67F-4E68-BBAB-A68B301EDE21,75,123.79,1,0,0,0,0,0
-159.352966554,64.7415137630001,314,53DB0DCB-65DE-4B83-BC17-00767D2316EB,86.55,44A6F6E2-4A3E-4185-9992-F834C5E6A2CA,70,66.26,1,0,0,0,0,0
-111.511045325,42.9882361360001,315,EB39A240-FFD7-47AF-BD43-CCAE1C2667F1,41.07,68FCB82F-724A-44B0-8305-9AA7D213FE47,63,51.08,0,0,1,0,0,0
-76.459561131,40.045558527,316,3D2EEFF8-7EF0-4399-8918-45FBAC5F6673,118.55,CC676CE4-67EC-4731-829E-8ED3E4E52772,32,45.12,0,0,1,0,1,0
-145.531728555,65.1478708490001,317,09C046E6-F2F2-465F-85CE-15D733817E19,3.91,1B50810C-009A-4A98-A97F-6C69AB05CAB8,69,86.11,1,0,0,0,0,0
-114.766602546,47.914751822,318,CD9790C3-94C5-4120-A491-DE36D8409FC3,52.04,B9CD37F7-1F1A-496B-9457-D838AF7C8601,45,29.82,0,0,1,0,0,0
-105.245887308,33.9501283380001,319,F0FB0CF6-BF69-4C6F-AB6C-D34F12BFE068,139.13,3F48897E-1784-4112-9D37-F48AFB50CA33,33,48.18,0,0,1,0,0,0
-83.5758362029999,29.3249432170001,320,5F8A1669-19D3-47F4-819A-2A7841ABE359,331.18,252BE0B4-D0B6-4DD7-90F1-E1FFD36EA01A,97,84.63,0,0,1,0,0,0
-100.950602414,35.6983371740001,321,EC6FD521-5B38-4696-B91A-F903A4795B90,52.67,D334629B-74D1-430A-8E99-55436A9E8FCB,46,64.88,0,0,1,0,0,0
-87.067800935,39.308491293,322,1314B22C-97C0-4762-8E98-441F52CBC466,70.14,752B6917-2E86-4717-A2F9-01F447F5236C,70,60.97,0,0,1,0,0,0
-111.589083859,40.0786172520001,323,B2B4B790-504A-4109-9EAA-E0957829FE83,125.94,D1F530A9-A9BE-47C1-8E88-097E61ADB56D,20,47.99,0,0,1,0,0,0
-100.559647222,35.242294444,324,81E4F68D-D2A5-4EEF-91DF-714685B5987C,89.23,D924F3EB-FF43-4347-9835-0DF4C26C4295,56,66.52,0,0,1,0,0,0
-94.058245159,39.7605330370001,325,2600CD7C-794F-40C8-9284-6437A0AFFA87,4.68,905C118D-423F-4E9C-B794-3DBAB70E7CDF,40,50.31,0,0,1,0,1,0
-122.035366667,44.7418944440001,326,9674FBE5-2661-42A2-B1DA-A4329832C535,313.3,D222606E-FC61-43B3-B215-16D435EB84DD,43,54.36,0,0,1,0,0,0
-108.532321808,38.209995302,327,F2C1AE98-FE13-4F99-BFB6-D85A7904593C,346.83,C0A11AF8-C688-4D75-94FF-90681B4F7E3E,90,52.38,0,0,1,0,0,0
-93.455508822,31.220811444,328,9A7BE392-B0FF-49A3-A983-91BFF73F606B,86.59,BD3569F6-4D23-481F-84DB-DDE800EC90A9,65,49.14,0,0,1,0,0,0
-116.903966797,34.4371963460001,329,65118FD9-F46B-41D8-BAD6-F3DAA40A08F1,44.9,D6B17099-63A8-416E-ABAA-CC51BF2955B6,44,30.68,0,0,1,0,1,0
-104.157201765,31.4035110230001,330,6AE00A6D-D7D6-49DF-BDCA-EBE4368F04DA,113.17,8FBDEF9E-0993-46B5-9069-5D50F4C9274F,52,66.47,0,0,1,0,0,0
-111.436811058,40.647747564,331,A076BDAD-C496-423A-B413-89188742EC41,45.73,2656471D-1A3D-46DF-B866-2CB16CDB5715,32,63.65,0,0,1,0,0,0
-85.61919027,41.5228335740001,332,EF6C352B-12BF-4F9E-B94F-2B5795F26152,329.25,5FBD28C4-31E0-4778-B5CD-440E0F090B38,38,43.58,0,0,1,0,0,0
-122.760413601,46.4208058950001,333,0FBA178D-E49B-4027-862E-B9B6BE534C27,350.16,04D7669E-7D1B-4DC5-99C2-A9BBCF282187,41,33.58,0,0,1,0,0,0
-132.54300781,55.97632987,334,90D3325C-A6B3-4437-B188-ED1D45BE5C9D,329.54,7EF3F339-A9FD-4A32-9C21-E30DED5943CA,64,34.78,1,0,0,0,0,0
-134.350752184,57.487765139,335,ADCB2053-F00D-437D-9F54-2BBC576455F5,326.37,13620BB8-A767-43E7-874D-84418D3D9642,74,50.81,1,0,0,0,0,0
-85.712555013,32.085026354,336,1F3CB127-BBBF-48A0-8333-D995543F8494,104.71,CFFE74A3-6964-4636-B855-A8A840881C4E,32,30.76,0,0,1,0,0,0
-111.648319799,45.004861244,337,6459CBCF-20DF-4611-AE37-345A45D598E0,23.46,50CE045F-58D6-47B0-941A-C501A3E4398F,60,51.19,0,0,1,0,0,0
-107.984956293,37.7621945330001,338,E5EEB4DF-C299-4462-B62D-566B7ACD9D05,5.1,76135364-2A88-45DE-AC20-F98C910BD7B8,61,44.79,0,0,1,0,0,0
-116.850080175,33.889635148,339,CA1D3529-DACD-41A0-A82D-9D9EEAB1C7C1,92.71,706E0FA1-61C0-44F3-B9BD-A923A60BF700,34,21.03,0,0,1,0,0,0
-164.831187068,66.4888297900001,340,9DF6A7C1-1108-40D9-826D-87E3CA7B3C92,247.44,B063DE4C-1C34-4DBB-9F27-40EE85B112DC,60,32.26,1,0,0,0,0,0
-92.3624257279999,33.7064096980001,341,922F6CD7-5F2E-4FBA-BC00-3A77E01BC5D0,8.63,5A8CBC0C-0E5C-44A8-8475-379B8752D863,105,58.88,0,0,0,1,0,0
-96.172980246,35.05567753,342,247E83EA-9E88-494A-A05B-FF694ECA78AC,20.88,BF58FB45-71A8-4F00-A120-57E07259A555,139,41.17,0,0,0,1,0,0
-96.997015719,30.6556122540001,343,26BD70CB-5D80-4A0D-8EEA-23CE91685946,94.74,A0ED3173-0EC6-4960-A1E4-087A8FEB7F7A,93,29.96,0,0,0,1,0,0
-89.64985725,41.4228852750001,344,CABBD93C-ED97-4C71-91AD-D5F0678378E6,81.87,B08D1F3D-9B5C-4A9A-84D3-1139C1E29597,45,60.56,0,0,0,1,0,0
-110.982946589,42.3034891570001,345,29165527-69CF-4375-B2A7-E8F620BA115E,114.11,823A1FE9-E0F0-4DF0-88BB-3EF6C0C10480,82,97.35,0,0,0,1,0,0
-111.220787481,37.8040043460001,346,B1F5836B-3E4C-46F5-931B-F1F3167ADF88,110.88,1CD5918D-B802-4240-9526-9616C16D7748,92,161.55,0,0,0,1,0,0
-120.509667384,45.470720687,347,74F9ADF5-22AD-40D0-9543-AD6BC585F8DE,99.99,60921C2C-6E38-4ED8-A402-1855033D2958,90,186.87,0,1,0,1,0,0
-120.586881635,35.4866327510001,348,ED0A1639-5DBF-4BD2-9E4E-B295C94E4E07,325.74,EEA7574B-DE7A-487F-8ED6-3ABCF76684E1,71,86.14,0,0,0,1,0,0
-106.104368087,40.5210974450001,349,2064E2AF-35AA-4C41-A2C9-7F46C15A0E44,271.34,FCA0182C-DB1C-4DB7-A09E-F5F48D0368D9,71,54.93,0,0,1,0,0,0
-110.741126288,33.87475633,350,B9778DB5-83D7-49BC-B17F-71E5D5EF6DCD,66.4,D2CC07F7-E2B5-43F6-B861-9B8D9048F572,67,86.09,0,0,1,0,0,0
-110.969724615,43.6039661090001,351,4ECB5641-D5C6-4C23-92D5-897CEFDA2512,83.53,B6C35268-0ADE-4901-9CB5-D0A72A5AE8C4,48,10.43,0,0,1,0,0,0
-105.640878601,35.5948526710001,352,981485F7-29AD-47BA-A1D3-FD1BD0C13654,80.97,7382DFD8-35AC-47FB-8638-1F2E35EB2ED1,21,25.01,0,0,1,0,0,0
-135.352046736,57.7679759330001,353,124E88DD-C83B-469D-B850-9776AF20C832,6.68,969968EC-F74C-4F19-8BFB-A9F5076EF4CA,55,24.83,1,0,0,0,0,0
-114.728161066,43.285681513,354,217B5357-1602-4D5A-8181-5F571433AEF3,103.55,7A0EE768-68E2-4809-BFAA-4CE36FC70A69,66,58.15,0,0,1,0,0,0
-161.198038889,62.571691667,355,71127696-C617-4482-9C84-5AC01B6BA2D5,9.18,7540BCDD-7E53-4299-B72F-2378C6C6CB2F,109,80.67,1,0,0,0,0,0
-115.300997222,40.9870638890001,356,C59F8562-B42E-4BD5-87B9-960714AB2D72,56.8,2835B39B-A795-4AA3-B87D-B0CDA4184B2D,25,17.46,0,0,1,0,0,0
-73.704638889,40.8675916670001,357,8333AE23-16FE-4533-AEB6-B24F89BE76D0,55.99,459BD9C0-3637-4CF4-BC53-378534DFA848,9,31.67,0,0,1,0,0,0
-121.192656755,44.9816800140001,358,D8F7859E-5E0E-4EA5-B734-C01864B93BDC,105.76,A70491BD-A96A-4FE8-B901-6AE52AA1BBE7,79,66.34,0,0,1,0,0,0
-95.752956661,30.147179715,359,0B3CE8F9-0C9F-49FF-BA1B-5C8F212442A7,117.98,C4AF57FD-E77B-43E6-95C0-98144F0D21C4,18,24.05,0,0,1,0,0,0
-107.631490753,39.2960702330001,360,7F6ADF96-98BE-44AC-9ED5-8350A9776CC3,74.97,F6C076F0-1F2F-4EEE-8661-A240209C711C,56,39.1,0,0,1,0,0,0
-111.85103308,32.5584265320001,361,7FCB00B6-44B9-41D4-B750-798B272DEB3F,119.54,398D91D1-A432-48D3-9726-ED8DB15C716B,48,55.09,0,0,1,0,0,0
-116.903966797,34.4371963460001,362,A0A13891-A327-42A0-B6A3-8F410C9E61E3,44.9,8DB3AFB7-DFEB-4856-BE14-5C1B0B264D2E,44,30.68,0,0,1,0,1,0
-105.421068933,38.637960616,363,4D9689A5-0806-4513-B6B7-526110D8D80C,81.21,F08C5C79-712A-4977-9460-ECE2AF7EF9B1,77,75.1,0,0,1,0,0,0
-116.527736337,36.7090253260001,364,F86C5A9E-0E38-4D4F-B687-ED180802C921,117.29,C414367D-A1E0-43D0-BDC4-DF6F232700D9,12,91.21,0,0,0,1,0,0
-119.088050152,40.202991968,365,F58D658B-CB72-4F93-967A-ACBD0148BE3A,32.91,7953A338-9B22-494C-A12B-D6E83C4D1D82,48,86.76,0,0,1,0,0,0
-83.3889592579999,35.8366973350001,366,A3D89CE3-D72F-4FCE-AE7B-C61DCFDD74DF,99.25,89C1BD10-44DD-4F73-95BA-21623DDCB94E,25,16.66,0,0,1,0,0,0
-75.5890020529999,37.891854858,367,7092AB6F-718A-4A8C-8921-B0C41598EDF3,30.72,414468D3-6017-494C-8652-5D98182AEE01,38,11.52,0,0,1,0,0,0
-94.058245159,39.7605330370001,368,19891DE8-2D01-4105-8EF9-EDD2D99EDBEE,4.68,1E923408-CCAE-409B-8B22-D67852C0DCE8,40,50.31,0,0,1,0,1,0
-76.129491749,39.6104364760001,369,442C3CF9-79F6-40A6-A08B-7A0CBD58872C,79.77,B8133223-8660-40AB-A76C-9E594C9F4FB4,40,24.54,0,0,1,0,1,0
-84.731743164,42.4413320730001,370,926CA30B-2D83-4C06-A195-5FD06E237BC7,90.98,43EAC63D-4AFE-4883-AC24-20B591BD0584,61,50.59,0,0,1,0,0,0
-113.383558381,47.0571280200001,371,40CA789B-F4DA-4494-95D3-F6951EC907A7,254.41,DAD320CE-C235-4AA6-BB37-9D7DB3AD00D8,84,30.07,0,0,1,0,0,0
-93.1179926569999,29.91936352,372,2A681F28-8282-44B4-A9FA-335BA6DA806D,73.6,8C020892-9412-4B89-A746-770B3E7491CD,50,60.86,0,0,1,0,0,0
-117.810874714,33.294378033,373,C43FAB4F-EC25-4386-AAA3-073225566459,98.8,7B53FCC8-386B-42E2-AF17-D01F3729F49F,31,20.04,0,0,1,0,0,0
-90.446930277,46.0681305260001,374,8D48C75D-C13A-454F-9F7E-C16BD80D0AB4,302.99,D0E4AAA0-3181-4109-B2DA-E530D0A5638E,49,85.16,0,0,1,0,0,0
-120.983338068,36.703179027,375,00365B40-4AE3-4B30-AF43-C18C4B9756EE,85.31,0F2074D6-252E-498E-9041-52610F993153,30,9.9,0,0,1,0,0,0
-105.918490559,38.3915814900001,376,336D5281-56C0-43FB-AA87-EEE772A35E86,93.57,9285CEC1-CC5B-4F16-A5FC-3F44712BE4A1,53,70.53,0,0,1,0,0,0
-112.659719531,45.6914570590001,377,6B3605C6-1D80-437B-AABE-C7DE4BFCD35C,349.9,46DC3DC5-4E43-43F4-A70D-43C2FFFA0BAB,27,20.77,0,0,1,0,0,0
-117.747247315,33.285134246,378,D480D0B9-0F22-48D0-BA03-B020811AAD18,318.99,5AAD129C-429D-49E7-8565-4DC20ED2EC6F,40,51.79,0,0,1,0,0,0
-104.993174249,36.1103264330001,379,3910D6A9-6391-44F0-B206-B0A80C98323C,14.32,D7BD0AFF-475E-469E-B1A6-272086F6F2F7,28,23.58,0,0,1,0,0,0
-83.096805221,33.31552163,380,E0678C35-5367-46EE-AF92-E5B82194FD71,343.42,E196C536-A697-4B7F-9095-5C3D28B0B849,47,39.54,0,0,1,0,0,0
-115.05768139,41.7244572700001,381,BFD60628-609D-4CCA-A3BB-45604374DB83,28.6,8C2AC4F6-C8F3-452F-AB87-068D5FBC8B3C,66,51.97,0,0,1,0,0,0
-87.869022908,46.393597754,382,83B1AD31-C584-4DC4-876D-9133470C083D,94.26,5E17C3EA-7002-45C9-A651-7B3EC8A47256,94,19.67,0,0,1,0,0,0
-158.772046142,60.9758175910001,383,9B23C727-B3BD-4685-B94F-D36F0168286F,266.76,F82C3CF8-0B06-4A67-9180-962A161EFF3A,92,90.08,1,0,0,0,0,0
-154.651180947,59.148166373,384,331E1C0F-0254-4068-81AE-5028318AE965,67.8,4E815806-28E8-4462-A01C-929665CD0EFA,70,103.66,1,0,0,0,0,0
-106.781869232,43.993362206,385,BCFC04B8-35EE-4527-8A2F-DD26DB65445A,268.66,CEF4EF26-04CD-404B-9B63-BE454B8F63C6,15,50.67,0,0,1,0,0,0
-111.641603391,40.9681845810001,386,AD25614C-FEF4-408E-8E9C-0F71EEAA3487,65.34,ECF95666-B0D8-4097-B4A5-5DBB336D05C8,17,60.42,0,0,1,0,0,0
-165.719873945,65.549868754,387,207B0E7E-DB1E-4D09-AC70-9EAE694F3C44,349.71,F5A5B99A-7165-4560-9A26-0B0BE23A14B6,65,43.61,1,0,0,0,0,0
-76.504722608,42.6068329880001,388,284816AF-551F-4966-897F-6DA05FF84C24,120.41,7A7337B5-DE55-4608-A954-2DF2A2BFEC03,60,62.11,0,0,1,0,0,0
-107.293649809,43.6272163080001,389,61DA81B1-73F6-470B-B847-AA660942D913,125.06,4858AE91-1538-4C64-B10A-45045230CCA6,35,54.9,0,0,1,0,0,0
-75.5129752779999,40.0324923970001,390,9349E1C9-3BA4-49D7-B41D-81DD2928DF83,46.65,45E3B68D-16D7-4B50-BF75-E2C84BCD6FE0,10,48.41,0,0,1,0,1,0
-112.426477223,44.839723243,391,EA4A8C5D-E6D8-448D-8D4A-00F4F54B50D3,348.38,CEBDCF4E-482F-424E-8A09-3639F2D73CD3,46,25.07,0,0,1,0,0,0
-110.510454281,39.8164091450001,392,C6CEB8A7-421C-4D07-ACDE-3B5B3ED054B8,41.28,E34E2236-DF8F-45FF-AC47-CCEE5F47634D,17,26.69,0,0,1,0,0,0
-77.369404222,39.0768477600001,393,77DC56E5-FE63-4ABF-B339-8F67A20B4F2A,129.5,60139EBF-5363-44DE-A058-26F0CE6FD646,29,20.31,0,0,1,0,1,0
-74.949928558,39.2575244940001,394,689C5C79-A43C-4E1D-AB7E-6741102FF9E3,144.02,9EEC1384-4DBB-4432-8053-485580CBF8C2,28,11.96,0,0,1,0,1,0
-77.4087700749999,39.596607636,395,06A08F8C-5BA0-412C-9E59-0BAE4235E000,58.08,176734E8-5CEA-451B-A82D-4EC4361DC6D6,24,60.43,0,0,0,1,0,0
-104.312471503,43.6377647370001,396,069FEDBB-8BE6-4523-8B0E-DDF807BDCC3B,68.44,D6529F7F-57D0-4051-A4EA-D789C5C6D5B2,92,60.04,0,0,1,0,0,0
-82.3890821689999,38.50240813,397,CF6FF7AD-2262-4D74-9FAA-8B590C2CCB20,106.85,9D5D1570-EB0B-4815-BFEA-CF200F138AE1,29,30.59,0,0,1,0,0,0
-77.7261471859999,41.2814539890001,398,264E9E35-D0BE-4B72-84F2-86CA219D18DE,28.82,99DC7CC5-7EBB-47CE-BD16-F20D031CF0A2,25,28.42,0,0,1,0,0,0
-108.640057431,41.004548001,399,70CCAD89-8281-4AB4-AD6F-0F420940ADAB,45.79,A2F42078-5C08-47DB-A80D-4AD030A9A2BD,54,65.75,0,0,1,0,0,0
-83.164414441,36.1290636300001,400,07C8F528-79F6-4EA9-B65B-3E0DA869DF9F,69.08,F7A290CC-882B-4A0C-9C8A-E655B2CAFA1F,38,53.48,0,0,1,0,0,0
-98.035268307,24.0551052930001,401,E8879376-2CBE-4399-A9FE-537B91D49D20,354.84,69AA8709-20D9-4F84-BC6A-CED5B2DA9A8A,106,117.45,0,0,1,0,0,0
-90.8924193079999,46.6365095400001,402,035EA29C-2F8C-4232-AA13-F7B6DCCF2DD5,99.93,DD2DD31A-A25B-4EF4-8CB0-19BC8105B584,55,32.34,0,0,1,0,0,0
-114.143715015,31.92490909,403,C17E7224-514A-4F09-92AB-527FBF177846,126.95,9907CC8F-BC33-47B2-911B-C92AA21B99A8,70,54.43,0,0,1,0,0,0
-78.72536841,39.464543517,404,19A6DD3A-20B2-4D37-9509-504A32FDFB38,95.63,627E138C-5564-44B2-968E-0F07D19D74F4,53,41.05,0,0,1,0,0,0
-96.683809823,41.6307527050001,405,1C4B3272-5D16-4C08-932F-6ACB68B96E34,303.35,75D975D5-BBCE-4752-8BDD-0558C7AF014A,51,39.92,0,0,1,0,0,0
-121.213567498,47.1963890420001,406,7612F219-65A4-4739-88FA-54A57CFEB562,107.37,07C96816-BDC1-4CB5-B894-F41EA1540936,47,51.8,1,0,1,0,0,0
-81.245302156,38.5305233180001,407,B5618E7A-0EBD-419F-ADAD-EB98F19F5D2D,66.17,B9D57F70-0856-473B-B056-5A3137AC8FFF,27,58.53,0,0,1,0,0,0
-77.0640169719999,42.555306409,408,84B81347-78A4-48B2-B875-6E4CA84E4964,119.27,109EF4CE-37FA-47A8-AD66-DA71DA428D9C,34,47.66,0,0,1,0,0,0
-121.213567498,47.1963890420001,409,D8F76C34-84D3-49A8-BD4C-D6AD7B0A27A9,107.37,D74A147B-55D2-4D78-B085-AE3BF8C2587B,47,32.61,1,0,1,0,0,0
-77.483402778,40.308066667,410,5DCFCF47-BD97-4701-AE06-16C0A076C183,90.04,8316C6AE-7A4E-4589-BCA6-B0416565A9B8,62,19,0,0,0,1,0,0
-119.32282437,35.1556437420001,411,C8F44B0E-3B65-445F-A3E5-CC8D6A8364F5,312.92,DA618012-E188-4E71-8CA3-DDC256B22511,31,43.6,0,0,1,0,0,0
-92.5229368239999,46.3600910370001,412,978CD7BD-542E-4232-A320-75B0A898A812,25.81,6A697740-80B8-4F51-B55E-35967DF4BC45,81,29.82,0,0,0,1,0,0
-116.952761065,34.117547668,413,9A181B33-E151-4207-8929-9CF279E103F3,299.76,2D4DE3AD-E09F-41F5-8B1C-F74D6F31E1F4,30,63.19,0,0,1,0,1,0
-115.557131122,35.5439757940001,414,79C56F93-AF76-449B-BD0E-0F953881C184,323.04,26A7CA82-256C-4680-9663-C912821D5CBF,31,94.93,0,0,1,0,0,0
-83.919853968,38.850722589,415,94229F22-EED2-47A1-A1A5-3BDE70F7CD66,104.87,C0D6EB50-A07A-461B-8A4B-51F760D327B7,38,45.89,0,0,1,0,0,0
-77.483402778,40.308066667,416,A3F4FA47-C57C-48FF-9408-EE7DA06EC189,90.04,AF8E075E-5099-4EAF-9240-D125F9E52F99,62,19,0,0,1,0,0,0
-135.330681463,59.7082618420001,417,5C102597-7513-49C9-AC48-67BD13BA10E0,5.82,4573B95D-798F-450E-96DD-53E8A9BCD40F,30,55.09,1,0,0,0,0,0
-94.943342294,43.3683271450001,418,0D8F3C57-5486-4A4D-8540-E46D04CFFD71,101.24,C26D8CE5-AB6C-49A4-895B-4CBEACB9AF1C,82,72.64,0,0,1,0,0,0
-78.845329878,38.0589178500001,419,BBBB80E8-853E-4FC5-92CC-4A3F5EFDBEF1,233.27,F84D24ED-2848-435F-8012-9080F9603F3B,58,15.56,0,0,0,1,0,0
-76.456608376,40.717696667,420,A8F789BB-0597-4277-BC41-7F369458C798,102.54,97D17AEF-F8BB-48C2-A7C6-7D1EE24ED861,20,36.2,0,0,1,0,0,0
-103.976223493,45.800895322,421,1EDF78F5-E62D-4CD3-B59D-E78E744C3BE8,112.19,767897F2-4556-47F4-8B62-21EDC786FFEA,90,104.54,0,0,1,0,0,0
-84.5639136889999,40.6060186610001,422,6F761F89-437A-44ED-8A88-CAA2F35427D7,59.57,C8BF41E0-F81F-4E93-B7BA-80A74D3BDD3A,44,42.36,0,0,1,0,0,0
-83.048442542,34.1898115590001,423,8F755EA4-D8BD-4445-832E-788ED99D3CD1,43.43,5FFD3D94-4593-4288-A276-B643430721A5,20,18.99,0,0,1,0,0,0
-119.926743351,45.7744944890001,424,239C9201-E9BD-4CFD-8250-7816B211ABA3,119.09,555FC8AA-A8B6-436E-8161-775AAA20B704,143,105.73,0,1,0,1,0,0
-92.49432188,44.587343059,425,2BBCD15B-E40C-4086-A906-04909A3A55EE,312.8,FFE04286-BDC2-4E7D-AA3E-145BC0529F22,60,50.29,0,0,1,0,0,0
-111.022066098,46.790468811,426,60EA66B2-C77D-4409-9167-E0B0281FEB65,73.67,EC36197E-FE4C-4E09-9EA1-753776E2A195,40,60.33,0,0,1,0,0,0
-88.5016217249999,42.444344329,427,D8362323-1408-4726-A5A5-2E31C463DE15,138.33,6F5CD485-F5D9-4623-9D4D-57A862F9A6C5,56,0.41,0,0,1,0,0,0
-163.587,64.288216667,428,9775E0EF-36C7-4A96-BCF7-E8BB655223C8,104.52,38129DB7-12C6-4EDC-BCFA-43B64CFFAC36,45,80.07,1,0,0,0,0,0
-111.255654715,39.835000747,429,C8118990-8415-42C3-BDCE-4225861523E8,42.33,9556A88F-1006-41E6-A414-7B6B4EC13FD7,120,147.34,0,0,0,1,0,0
-113.120282526,45.7553093380001,430,D0D08926-C8E6-4300-82AE-325050F2C3A0,42.44,2517AA2B-32F9-44BA-9F4F-36C0C492AFD4,60,22.81,0,0,1,0,0,0
-120.724036812,35.365400702,431,947C7309-36E4-46F8-BF22-B53A2031069D,14.42,D4EDDA8D-E8D8-4BAA-8BFA-7DDD39126AEF,7,19,0,0,1,0,0,0
-92.792356007,29.603518046,432,8D4059CB-D0D4-4EF5-AB78-820D1170C6C9,98.38,3BEA464C-F89A-484B-943E-46A354A44D9A,135,143.2,0,0,0,1,0,0
-104.542803604,46.606099613,433,DCD3166E-3F78-4FC1-B930-845600349897,76.55,3EA9D7A2-8691-43FF-AA0A-FEE09FA55208,60,74.59,0,0,1,0,0,0
-102.244526977,26.407000296,434,00ADB8BF-0735-497E-8644-3BEA87F65641,231.69,BFA4F4F7-40E8-4115-9AA9-4234909C0B17,53,80.6,0,0,1,0,0,0
-152.736592398,62.098988514,435,6DE27A2E-4947-4652-91D0-D7BD79C8D301,121.41,22956A37-3CBC-4D3E-956C-94E7DD27F664,95,97.19,1,0,0,0,0,0
-110.00071787,43.771016215,436,70631FDB-F8E1-4310-A498-E84C781E2058,103.17,EFDF59A3-F6BF-47C1-8605-F897E779C055,15,76.35,0,0,1,0,0,0
-110.942673001,43.6894514250001,437,7C7B3C05-40CD-4A27-A6C6-67EFA34BFB29,113.12,EDA57CE2-D59F-441B-B659-BB0221975EB2,60,10.02,0,0,1,0,0,0
-110.24566268,39.4663514630001,438,31942416-614F-40DD-A8DF-3426C2FCB830,109.02,29D772BE-0FB7-44D2-A77F-90999E6FB0F5,25,71.93,0,0,1,0,0,0
-86.619659714,40.1986043850001,439,9764CCC8-9910-4089-8F53-57CF2955CFC3,313,A0CEE796-CF5E-4F80-8348-89AD4327573C,50,29.75,0,0,1,0,0,0
-112.426477223,44.839723243,440,0B050671-0B0C-4F15-B8A4-18E44FD15E3B,348.38,E8B3C913-ADE0-4A55-92FA-3ACCCCC51F53,46,25.07,0,0,1,0,0,0
-118.77753075,33.79738037,441,AFC37F52-05E2-4CEC-8DE6-22A225A0B8DA,325,0D0452D1-D4FC-47A8-801D-14E25BD8CC45,31,23.37,0,0,1,0,0,0
-122.860988707,45.473509913,442,EA1DA14E-3094-4321-AEBF-E0F7D85CD180,214.68,6794B0D1-A445-4DCE-BD98-16FE28CFCBA8,20,8.75,0,0,1,0,0,0
-110.033066805,43.708879601,443,6861D7D4-7196-4065-9764-774929979070,118.48,2DFB68C1-2E1D-4A3A-B0FC-160DB12CC684,15,79.04,0,0,1,0,0,0
-85.8584767259999,36.033550394,444,53DD5FBA-2504-43E2-99F9-4B81B1E9D4BF,44.92,8BF2CF91-9026-4B55-9D77-F38D5A6F44E3,40,47.08,0,0,1,0,0,0
-149.939163981,68.7253339320001,445,69B321F3-85C9-4761-BBEA-13965650B737,17.61,54236A92-2366-4F25-9603-DE0A26930D33,116,94.8,1,0,0,0,0,0
-85.094811706,38.6109690750001,446,E7461929-F027-443A-8844-AF95B40077A1,36.68,1C4D79F1-3B33-4946-9BEC-2345297029D1,38,30.44,0,0,1,0,0,0
-95.511005183,38.7415451630001,447,516237B3-E26E-4878-A257-58FA3FA34421,47.37,2C623023-A87A-4466-800D-308FA66ED912,40,48.72,0,0,1,0,0,0
-92.499327778,44.5905777780001,448,5A14A2BF-2F51-47D9-8E6D-C1DD6FED32AC,131.47,1097ECAE-A464-492F-92F2-2DFBAE9005AB,50,60.29,0,0,1,0,1,0
-90.9510167559999,45.548441606,449,2AC7F1D6-0FC1-4969-8C5D-2AF37FB238AF,29.62,2F4ACE0E-126B-45D4-ADDC-39E41DE3C13B,45,68.39,0,0,1,0,0,0
-120.044930556,47.167383333,450,D0C20D09-CA26-4793-AE83-9435D7E2BF0C,62.99,F4F5F07F-A220-4669-ACE7-ECC18E5FE1C0,19,28.34,0,0,1,0,0,0
-115.953580922,32.232822641,451,5F410A41-0A2B-47AF-A3F5-3817AD67FB3B,109.96,47A0AD95-B002-4542-9229-A46C41F491DD,54,145.17,0,0,1,0,0,0
-137.422875285,58.136125023,452,5ADE91FE-180A-4770-A9C1-E36D81E00A90,139.03,6FA35B6D-0646-440B-A95F-C8813D14D672,108,97.74,1,0,0,0,0,0
-142.79079581,59.304411122,453,D097F04E-A55D-4200-B089-23C6746EEFB9,,75CDF930-81E0-4C29-9EC7-CC9F47709F0D,76,40,0,1,0,0,0,0
-148.159846259,60.4213753750001,454,9F5B5817-F0A6-4A1E-ADF8-B9593070E774,,75CDF930-81E0-4C29-9EC7-CC9F47709F0D,65,10,0,1,0,0,0,0
-116.488864074,32.658474176,455,D265BC49-71E3-424D-BEF3-491459573EA6,83.25,009A17FD-85B3-44DF-A5A6-48504DE57DEC,25,49.93,0,0,1,0,0,0
-157.070922362,62.8691954700001,456,D3CFF844-EB61-4846-8154-6A193D91AD27,79.55,392710AD-390D-4F16-99FF-C74E5E43C0AF,87,40.36,1,0,0,0,0,0
-101.916269156,40.1174703240001,457,29610568-9DA6-4CDC-A1A2-19E09775F0B5,66.99,DD06F8B5-1269-4C02-9B54-EADA143A4BEC,65,49.86,0,0,1,0,0,0
-150.666971643,60.4973874680001,458,DF8150FA-7F36-464A-901A-8350D185FAE0,26,E32720E7-54C8-4336-B140-0B2E4420CFAD,53,45.37,1,0,0,0,0,0
-115.633398696,34.78802132,459,F86AF21F-F890-4D53-BC60-F258FCC8401F,90.52,32D1BC5D-8F5B-43A4-8961-CE4B17AB64BD,41,73.55,0,0,1,0,0,0
-117.044838889,34.0946777780001,460,0A3A964B-6DFE-4A7C-B07C-5237B5C23F89,88.28,5E9901A2-E829-4EBE-84BA-BFC5D915F662,37,63.53,0,0,1,0,1,0
-112.430529009,35.3444875000001,461,DB19B64B-4E73-4165-9F07-0E5D8C87B7E3,287.86,E163B143-E71E-4FFC-BD45-35307EDA6AC6,39,57.11,0,0,1,0,0,0
-82.858033065,33.852632041,462,7C646F9B-BA1E-4089-BD2E-34EB0C69344F,103.58,638E43D6-F66F-481A-A9E6-259B9CA1E67F,24,35.88,0,0,1,0,0,0
-77.225278525,39.6838460650001,463,F1B020ED-8878-4814-A159-003052C61D4A,58.05,75FCFC52-F5CE-4E35-8BB5-0B8B6AFD7C1C,34,50.44,0,0,1,0,1,0
-77.225278525,39.6838460650001,464,28A9CD53-76C8-4F19-94AB-97BA4B2D1B44,58.05,2F55C289-85C6-48DF-ADA6-CC1F12F916CC,34,50.44,0,0,1,0,1,0
-86.023684179,33.3528644130001,465,3945FE4D-3097-456A-9CF2-DF2C6ECCF2B3,113.14,8AEACF6F-ED8D-43CC-8C53-C3F5510F5E3D,47.88,45,0,0,1,0,0,0
-90.884337714,46.6354379570001,466,104BC52D-BCF7-40F6-AF85-DB26A88E94BC,281.44,9ADBD8F0-7186-490D-88EB-BDB14C94D4F1,32,55.34,0,0,1,0,0,0
-116.409138608,40.6548798760001,467,22E9F83C-12A0-4CE1-95BF-CE75815BDCE6,77.46,CD51F6EB-67BB-48AF-B63D-EC8B1FE96CE2,24,30.22,0,0,1,0,0,0
-99.006463954,25.9152613090001,468,6AB781EF-C810-4DCB-8AF3-310505951F47,81.6,169E84BE-D254-454E-AAF4-BF6F5E2D47E2,60,42.28,0,0,1,0,0,0
-111.717215744,34.868467803,469,9073178A-307E-4094-BFB3-C01E97D63780,75.02,8F529EA1-9A6F-4299-A110-499B24E9B5FA,39,46.93,0,0,1,0,0,0
-111.717215744,34.868467803,470,47B22B7E-4EEA-4674-9A7A-3563FC38F18C,75.02,5CFF900B-1A33-4C31-9835-A4C1D8243D53,39,46.93,0,0,1,0,0,0
-85.384731202,39.393330887,471,D3F6EDF4-EC15-49ED-AF33-9F07E8588C1C,305.66,AE4DC0B4-0746-41DE-B517-BAE953668159,39,24.95,0,0,1,0,0,0
-77.138996006,38.374969966,472,C5E09496-F502-4D55-9A1E-95442771BB52,9.29,69C4C45E-9A3F-4416-B8DB-B15C375E6CD1,53,9.49,0,0,1,0,0,0
-82.68664067,29.414471125,473,AAB5D911-7FEA-4F23-A6BC-CB1A917F860D,300.54,E91959E2-923D-4622-9639-BB43530BC8BD,28,21.94,0,0,1,0,0,0
-82.68664067,29.414471125,474,AE4BBFCA-CA1E-43E5-8C40-595D145099D5,300.54,7E5AF4F2-8370-46B6-AEF4-DE4479C9DB45,28,21.94,0,0,1,0,0,0
-117.8148008,44.5904523230001,475,854F7B0D-DD63-4A3F-81BD-7751D138FA06,1.09,7C9ED76D-7585-4442-BA0A-8291F4F88EC3,120,15.01,0,0,0,1,0,0
-92.251998957,42.3977528240001,476,C1B6F0CE-4F92-4D64-818B-3682AF1D099B,325.94,9896CC50-AF23-4D30-8A47-CBFAF346D8F4,37,11.54,0,0,1,0,0,0
-81.021058156,34.2905788780001,477,A9018181-0058-40C1-BA1B-1419962D6999,3.6,E0530E69-0BF9-470B-9271-7EEE6D3334EE,26,53.99,0,0,1,0,0,0
-96.863689645,28.490231254,478,4D393FE8-5628-4AB0-9518-EE5CBE131182,39,03F4BBD2-79CF-4231-8B64-EC59B58CBF85,47,33.7,0,0,1,0,0,0
-81.4867689119999,38.10182594,479,74D9A1B5-C047-440E-BF2F-5AA25E43A40B,137.89,BD5DA62E-B3C9-4F68-8664-9EC6405D1816,20,25.86,0,0,1,0,0,0
-155.988045482,57.342580266,480,08955AD7-B9E4-4539-BB6E-B09BE11FCCAD,73.86,BAAF64B2-14C4-4DA6-B0C3-63BF4EFB267C,90,121.21,1,0,0,0,0,0
-86.931070388,40.33680408,481,3D4F94BB-0CE2-40F7-B68E-03024F17F0D5,335.18,A882AA75-6241-49C5-9CBA-2C2A83F1F3E8,148,14.6,0,0,0,1,0,0
-116.096681151,31.735643828,482,39E17DF1-38D9-407F-9FA9-65B9106ACCBC,278.42,1F7C076B-198E-42E3-AD46-B47BE79511E2,145,26.35,0,0,1,0,0,0
-122.817775809,49.0009807060001,483,7C7CEBB3-A1D2-4B18-9057-5E637B56ED50,289.62,C03F3E3B-7D4A-4F7A-B6E9-693EB343ED56,10,13.86,1,0,1,0,0,0
-107.868290763,46.750402632,484,8A272ED7-36D1-4B53-8FE6-143AE80194BC,103.61,A7254D4B-7750-4DD0-B73A-BC5DCF552875,74,82.05,0,0,1,0,0,0
-73.324761821,41.637826209,485,F10ACCC8-4ABD-42E4-843E-B2EA83906C88,342.52,6C93C334-55D2-44D4-B473-C49EA4BE4C46,30,69.87,0,0,1,0,0,0
-73.455776611,41.3742487760001,486,CDF6E34F-F04A-4CA0-B1D4-DDCE9FD56851,342.46,9C9EB6BA-CE10-4A81-A05A-970835B035D7,8,68.21,0,0,1,0,0,0
-110.959512705,30.165798679,487,89128C8F-5032-4432-901A-6D6850A7CFF3,184.4,360E6F73-D8E1-4E81-A98A-CF3711D60639,75,64.24,0,0,1,0,0,0
-71.923661368,41.27913153,488,78B19C0A-F1AE-4E01-A30F-990EF655BE74,39.41,CAFF97C8-4DC3-4BF3-BC2E-A6B58C3E8223,28,34.77,0,0,1,0,0,0
-73.324761821,41.637826209,489,CDC97A8B-71C9-46D4-818D-F66E78485CD3,342.52,76350912-41B7-4D68-9E5D-E3C3C0930117,30,83.35,0,0,1,0,0,0
-82.93453863,31.6519825,490,39622FC4-22BB-41D5-8F0A-32B8106A0C04,319.83,F5885471-852D-421A-BDB3-F411B98A7CD0,30,44.23,0,0,1,0,0,0
-123.937118767,45.671817251,491,41569A8D-4E6A-42D1-9AB7-159FBBDF3729,4.51,8123777B-B39E-487A-A3D0-A48C4EA80B8C,66,29.5,0,0,1,0,0,0
-123.585646866,44.920563245,492,A0357C98-26D0-438E-96FC-229932CF4E81,44.27,FB8A4701-86EF-4956-9FCC-6E853CE667DB,29,36.61,0,0,1,0,0,0
-157.900055569,61.395094299,493,38BCD438-DD31-463E-A466-D30BE9FAA551,286.21,3571177E-E43C-4D4A-8716-8FB46AD87256,68,50.27,1,0,0,0,0,0
-100.786241621,24.984275159,494,CEFD1499-180A-4309-82E2-EE941ADE4F54,218.16,1B08EF03-F63D-46A2-AA55-7C12E70DC781,60,62.46,0,0,0,1,0,0
-105.256449111,29.2797770240001,495,01BC238F-DD14-45DA-B40A-A35892888EAD,47.47,D987096E-FA5B-4836-BBD5-4D21099C8033,50,91.31,0,0,1,0,0,0
-123.365242094,46.165121146,496,E2EB4607-C97A-4EAD-BE9B-FBF408B49930,358.29,0D58AD60-24D4-4905-89F3-46E5206CAD16,100,124.65,0,1,0,1,0,0
-101.123884841,27.5862304180001,497,6D1185C3-D2E6-4A18-B2C6-CF89964142AF,26.11,0F2759A0-6CEF-4C41-A035-B2DB0D32291A,42,69.91,0,0,1,0,0,0
-115.633398696,34.78802132,498,B2681588-BF28-4DCF-90F6-70543D8C7C83,90.52,F9E7A6C1-3F8B-4664-9E65-C01C8A93192D,41,57.31,0,0,1,0,0,0
-100.814044009,24.9518508520001,499,5396DA43-1DCC-469B-ACBD-755ACCC73C95,37.96,E71C9E27-D6BD-486D-9741-AA02E7F12287,60,62.46,0,0,1,0,0,0
-99.892808216,26.4312216170001,500,DE11340D-4340-4B6A-A8AC-D22D83AA26DB,16.09,3A912863-7593-4707-8D0C-B97E06E1226C,41,62.84,0,0,1,0,0,0
-149.953331234,68.7104016060001,501,857B9592-C362-4A0C-95C3-205665DEC048,222.78,20375577-5A03-446B-AA87-BBDBE075E066,116,-115.03,1,0,0,0,0,0
-99.232677784,25.422133102,502,37145AB2-B290-4139-AC70-00E96DDF9777,171.58,003D9E41-7C63-41A0-B05B-DDE5839E4493,122,103.75,0,0,1,0,0,0
-83.048442542,34.1898115590001,503,0540B00A-B9FF-484E-916E-25DCE29C229E,43.43,592047A4-C9BE-4659-948D-8B40F51C9BA0,20,18.99,0,0,1,0,0,0
-153.505944698,60.0931835390001,504,1661171A-C2CF-4A0C-AB41-FE544D888B5B,63.31,0FD72B19-1954-40F8-A8D6-7855A9901A5D,47,75.88,1,0,0,0,0,0
-110.547015083,43.3160372930001,505,BFA95EF6-6AC0-45B4-8448-B61E8EC50216,156.14,48CF8737-9E68-455F-91A4-85A833F341A3,20,48.21,0,0,1,0,0,0
-78.2366857769999,36.7762178790001,506,190413C0-AE24-41D1-90D9-3342558E9EEF,80.59,DEE4F753-D138-4B2B-A42F-C2E922A07225,38,16.28,0,0,1,0,0,0
-93.7380595989999,38.2513214580001,507,37E7FCB9-3B1D-444D-9034-DEF510AA1FAF,340.42,DFC7338C-5AB1-4DDD-8253-7D8052D8D72E,57,53.83,0,0,1,0,0,0
-143.053775321,58.3539426630001,508,A2E59A20-01D0-4AFC-B338-2CF45698A972,,AE1D327A-EF23-46B3-85A5-ACB660978297,49.9,121,0,1,0,0,0,0
-140.134265739,57.25539525,509,5C486E83-00BC-4451-8EA9-59C27329E3DC,,AE1D327A-EF23-46B3-85A5-ACB660978297,131.9,65,0,1,0,0,0,0
-134.522414325,54.6880133720001,510,8D3D8D56-D71A-46EB-AFF3-3414ECAEA3F6,,AE1D327A-EF23-46B3-85A5-ACB660978297,41.9,112,0,1,0,0,0,0
-110.599109036,42.450619928,511,97454E42-006A-4D66-A575-905A2ECFBE10,104.78,15660A51-3751-4EFB-A5B4-1EC277B3D378,95,140.36,0,0,0,1,0,0
-115.131035406,48.0464193180001,512,34F8BB5B-77F7-4F61-AF9C-667A4CA11C83,73.1,771DA8E9-BC36-46DB-9A9F-DE7E0D97EB5E,105,39.69,0,0,1,0,0,0
-106.14232459,29.882611798,513,DC85610C-A1A6-4D00-B541-858464A2326A,171.94,6947DFC0-1AA0-4D81-8538-1888C53320B5,106,70.46,0,0,1,0,0,0
-98.554392136,24.999182971,514,C712B8FD-0BF9-45D4-8D6E-DC27C3C7653F,196.11,FFD94042-F11A-4F55-BD58-1880E2A58696,63,80.48,0,0,1,0,0,0
-101.745306897,30.8235058860001,515,9C544C5F-4723-47B0-9B0F-937CE19D1AD4,96.59,FCA0ED81-C06A-4E0A-8EF4-25C33F687B45,64,100.61,0,0,1,0,0,0
-101.745306897,30.8235058860001,516,C71E6517-360A-4E13-AFD8-A3484AC4F6CD,96.59,762D241E-1CE5-405D-9C95-9F9916379343,64,100.61,0,0,1,0,0,0
-80.1139913059999,26.4722752280001,517,D0950FE9-21A2-4AD5-8E13-9DDE740B1AB9,6.76,ED04F355-7570-4517-8353-2C8AE217828F,24,12.52,0,0,1,0,1,0
-79.6190857189999,37.9920425990001,518,A59A37B0-C635-49A0-B6A9-146C9DFDE5BB,101.23,F1D343D7-4E68-466A-852E-4ED5652EE90C,104,24.92,0,0,0,1,0,0
-85.796423383,32.6091046560001,519,E105A74B-1F0D-48B6-AF43-F99917741698,319.55,EFD83153-28DB-4C81-A43B-FB93288F2097,52,84.42,0,0,1,0,0,0
-122.450051765,46.607957044,520,E7BF8A56-A979-4726-8C09-5C8A9D618AAB,186.67,64A151CD-C447-4118-B059-30E135BA4D87,50,51.96,1,0,1,0,0,0
-149.739031735,61.1261066960001,521,ABBF7F45-9FA1-44AC-A14F-E9AF750119C0,294.18,A0187070-1948-44A0-9134-E003FC876764,100,7.02,0,1,0,0,0,0
-123.417436147,40.442499469,522,521976A9-9A6F-4BCD-91BB-6D4482284195,291.18,EE93C263-6D3D-42B1-8926-56B85490EE2E,58,39.83,0,0,1,0,0,0
-122.816906842,48.888848748,523,801D2D68-3186-4837-A7D5-77301D9AAD99,250.28,AE79999C-A4D4-4D0B-AF6B-BFAF66303663,10,28.34,1,0,1,0,0,0
-122.94998886,48.149040416,524,7BC7E90E-F049-46CF-BA91-D616AA57E697,329.08,7E0A07DC-694B-48E8-B5C7-08E2F04DB105,50,40.81,0,1,0,1,0,0
-119.961119988,48.2961712680001,525,36B0D0A5-924E-4145-8FD2-D019EA8110F0,60.56,5BB0CABB-C0E3-4FE5-808B-AAE0A12472C1,108,170.85,0,1,0,1,0,0
-120.830853208,48.938222658,526,5A409284-9FA7-41F0-9D62-B4DC1CBC4CD7,32.8,D00AE818-1281-44C0-9958-E5BC1AD6AD1C,108,32.14,0,0,0,1,0,0
-127.876209832,51.7198848960001,527,0A18C064-556E-48E9-A0A4-738146A848FC,342.99,640A4478-39B3-4265-B8CA-28DAA19EE85C,65,29.42,1,0,0,0,0,0
-130.435326821,52.875325698,528,33648BF4-1B0F-4C55-B6E7-41FB8DD2FB14,296.9,E8B9E363-9EA2-4C65-A7FC-2FFCBC27270E,94,55.21,1,0,0,0,0,0
-122.409958965,50.362123012,529,37C0E79E-258C-4FD9-823D-FB9745C5339D,184.52,8F5BE7FA-8600-4E28-B755-3747E9F1AE1B,113,77.45,0,0,1,0,0,0
-128.073839909,54.397746784,530,23569B48-BEE4-4BBA-91FA-7FB0B33E2DCA,266.81,09971AAA-B1A1-4237-94E2-DA828DFD81C0,50,17.95,1,0,0,0,0,0
-125.633086138,60.8803500810001,531,7F1D3B5E-807E-4138-830D-B9AEE5388037,248.7,997A801D-3F6B-467E-A45C-CBCC3E1D163D,139,104.3,0,1,0,0,0,0
-128.078984797,54.1750604850001,532,670CEE7C-C835-448F-AD2E-F0B307DA9927,252.21,BB2BA59E-D4EE-4C56-8157-DD9E0F07AB46,53,21.98,1,0,0,0,0,0
-129.763691314,53.787304356,533,A1F4C869-7B7B-4F4F-9EE8-379F310FA7DE,247.98,5DDCDF97-D675-446B-96DD-CFA3DF507761,42,79.92,1,0,0,0,0,0
-96.086850119,51.7696525120001,534,9F173F2C-2BF6-42D8-9859-D4532CE869ED,203.2,A982E76D-8B59-4D5D-A5A0-99607224EE15,137,117.67,0,0,0,1,0,0
-129.309294316,51.865012441,535,B310DA3E-AAA6-4016-B2B1-2EA60DF7F552,314.84,8FF25D94-42F6-4982-A68C-641C62523E7E,100,125.66,0,1,0,0,0,0
-76.455978865,48.866151852,536,B4A35AC7-72C9-45BC-BC46-2B420A7A2498,234.68,AD71F46C-7FDE-453D-AF77-1CF49CF0ED0E,96,67.61,0,0,0,1,0,0
-76.455978865,48.866151852,537,E565B207-CA6B-47F1-B8D0-0C0A4C86D343,234.68,33F5C846-CE36-4FBF-9C90-5147183E2B04,96,67.61,0,0,0,1,0,0
-126.210064195,49.7140862840001,538,AB0DE362-0EA4-42B0-A8F7-788C41541E56,323.62,9FF50ED7-E3DF-42BD-BF75-C9C898669BB7,105,73.82,0,1,0,1,0,0
-112.541676079,49.2011829040001,539,C5C811BD-2149-43EB-91B8-149AF1669826,349.34,546278B5-A3D4-4CB1-8487-40EDDF871CAB,39,26.49,0,0,1,0,0,0
-82.4994729209999,45.492253889,540,E62D87B2-E24E-4DED-8ED8-790CED02C646,125.34,2DD457A2-9971-4107-82D9-7028312F1704,94,14.22,0,0,1,0,0,0
-140.448578509,60.816974443,541,B4E0E8D4-BFA1-4C2A-8685-00F6C92622FC,161.38,888FDBE0-E5AA-461A-ACB1-17990F18067E,135,81.91,0,1,0,0,0,0
-130.435326821,52.875325698,542,07070B5C-9D26-4769-B081-CFA3FE5329DF,296.9,67C43847-FD75-4713-B589-278F66DA52D5,94,55.21,1,0,0,0,0,0
-127.876209832,51.7198848960001,543,4BA7EE91-E08B-49CC-9094-D8B3B0EB8F73,342.99,745511DB-1236-4E9A-A7BA-02210075E0CF,65,29.42,1,0,0,0,0,0
-82.851561111,33.9322111110001,544,6C5C23C1-443A-49FA-905B-B9D44E20B13C,272.37,2659C247-6A54-4EA9-BB10-0BCB75A682B4,89.9,23.64,0,0,1,0,0,0
-102.244526977,26.407000296,545,436E3133-25E2-45D5-BAFB-40412333132A,231.69,4A9B60E2-A62F-4F96-B39A-670D48BAEE76,53,80.6,0,0,1,0,0,0
-135.315596147,58.5256904390001,546,644E3AEF-C411-4D60-A787-F7CC6D9999C6,355.13,AD1AD713-8BE1-453D-923D-A315EBE4D052,21,41.45,1,0,0,0,0,0
-133.199237162,54.6836963060001,547,93528560-8293-474E-8378-798A08085220,330.73,CB48C656-D375-4812-8D40-A981B8A5AC23,99,153.32,0,1,0,0,0,0
-95.101427024,49.1932449390001,548,A3634EAC-F58E-49F2-A33A-AD19740F14C1,299.88,B3DC3F9E-5F1C-40DA-AE39-5C22FA1141DD,77,94.45,0,0,1,0,0,0
