OBJECTID,FAA_ID,ICAO_ID,DESIGNATOR,SURFACE,APRON_OPER,Shape__Area,Shape__Length
1,LAS,KLAS,AIR CARGO,1,2,7.89425530456356e-06,0.0122281918618259
2,LAS,KLAS,HOLDING PAD,1,2,4.81448296341114e-06,0.0131466835937484
3,LAS,KLAS,UNK,1,2,7.25263723078129e-07,0.00361691237638479
4,ORD,KORD,UNK,1,7,7.09825144440401e-07,0.00356896613499341
5,MTH,KMTH,UNK,1,2,8.5684206609267e-08,0.00135166448091177
6,MTH,KMTH,UNK,1,2,3.73694433619676e-07,0.00454843673167858
7,MTH,KMTH,JET APRON,1,2,1.52639870520943e-06,0.00657852917375778
8,PBI,KPBI,CARGO RAMP,1,2,2.85955252365966e-06,0.00770560631270987
9,MTH,KMTH,UNK,1,2,6.44868123345077e-08,0.00129259379613878
10,MTH,KMTH,UNK,1,2,4.16618684141723e-07,0.00324377003113843
11,CRW,KCRW,COMMERCIAL APRON,1,2,3.95456845581066e-06,0.0128346164538874
12,TPA,KTPA,UNK,1,2,7.32335536697548e-06,0.0151912308465841
13,PBI,KPBI,UNK,1,2,1.01791874840274e-06,0.00725769709826477
14,PBI,KPBI,UNK,1,2,2.39972223425866e-07,0.00251348391239149
15,LAS,KLAS,PARADISE HOLDING PAD,1,2,1.14005661089323e-06,0.00551240269639187
16,LAS,KLAS,UNK,1,2,3.19386404044053e-05,0.0372901830078479
17,LAS,KLAS,RON,1,2,2.72665693046292e-06,0.00975854216653321
18,VRB,KVRB,UNK,1,2,2.69868155555741e-06,0.01092716963921
19,VRB,KVRB,UNK,1,2,6.88100598274927e-07,0.00488586220142123
20,VRB,KVRB,UNK,1,2,3.09232746076304e-07,0.00254958399174142
21,VRB,KVRB,UNK,1,2,2.78657932056316e-07,0.0024046622293463
22,VRB,KVRB,UNK,1,2,1.09849452201161e-07,0.00145895240909649
23,VRB,KVRB,UNK,1,2,1.75365130417049e-07,0.00176996546383958
24,VRB,KVRB,UNK,1,2,3.60400917998049e-08,0.000930757384949079
25,VRB,KVRB,UNK,1,2,5.82373104407452e-07,0.00353343657962039
26,TUS,KTUS,UNK,1,2,2.57636445731568e-06,0.024603771465141
27,MTH,KMTH,UNK,1,2,4.29500930589251e-09,0.000354748229731785
28,MTH,KMTH,UNK,1,2,4.0171244108933e-09,0.00030153609930498
29,MTH,KMTH,UNK,1,2,4.52141696609051e-09,0.000364613249557364
30,TUL,KTUL,UNK,1,2,1.04528726296849e-06,0.00435815562442072
31,MTH,KMTH,UNK,1,2,4.74966632864338e-09,0.000371049595293528
32,MTH,KMTH,UNK,1,2,4.88322348399586e-09,0.000374768719491441
33,MTH,KMTH,UNK,1,2,4.52319135748822e-09,0.000343973041729699
34,MTH,KMTH,UNK,1,2,3.40830984529167e-09,0.00027302689864852
35,MTH,KMTH,UNK,1,2,3.64875535680182e-09,0.000324821534497818
36,MTH,KMTH,UNK,1,2,3.64446996864963e-09,0.000317196856050247
37,MTH,KMTH,UNK,1,2,3.54394802393188e-09,0.00031798439743467
38,MTH,KMTH,UNK,1,2,4.4264311734217e-09,0.000352042795469749
39,MTH,KMTH,UNK,1,2,4.52745685950232e-09,0.00035047247263732
40,MTH,KMTH,UNK,1,2,4.48899985672907e-09,0.000345374143101918
41,MTH,KMTH,UNK,1,2,4.60166402682302e-09,0.000366351905932727
42,MTH,KMTH,UNK,1,2,3.93456152662959e-09,0.000308030979380116
43,MTH,KMTH,UNK,1,2,3.86362062568951e-09,0.000316377778563955
44,MTH,KMTH,UNK,1,2,3.86946264873539e-09,0.000319818967185921
45,MTH,KMTH,UNK,1,2,3.9864198715184e-09,0.000322851635216674
46,MTH,KMTH,UNK,1,2,3.96118276981688e-09,0.000327897224929181
47,MTH,KMTH,UNK,1,2,4.076573169743e-09,0.00034329747084851
48,MTH,KMTH,UNK,1,2,4.3223808027259e-09,0.000343409467874333
49,MTH,KMTH,UNK,1,2,4.21709130571553e-09,0.000343404000230836
50,MTH,KMTH,UNK,1,2,4.12084315715849e-09,0.000331365689957808
51,MTH,KMTH,UNK,1,2,4.10629501972418e-09,0.000342705739082229
52,MTH,KMTH,UNK,1,2,4.18044382791138e-09,0.000340856950864537
53,MTH,KMTH,UNK,1,2,4.31550590488522e-09,0.000342043077055895
54,MTH,KMTH,UNK,1,2,4.28412341669723e-09,0.000351074990937606
55,MTH,KMTH,UNK,1,2,4.23036722492498e-09,0.000343131941121629
56,MTH,KMTH,UNK,1,2,4.18089401554161e-09,0.00035183108019905
57,MTH,KMTH,UNK,1,2,2.23833314865375e-07,0.00533406563927317
58,MTH,KMTH,UNK,1,2,4.00243186228326e-09,0.000337944285654028
59,MTH,KMTH,UNK,1,2,1.51575615517374e-07,0.0042479186974678
60,ADK,PADK,UNK,1,2,3.84200076940233e-07,0.00310586594285378
61,MKG,KMKG,GENERAL AVIATION PARKING,1,2,1.34452149817138e-06,0.00562322380226038
62,MKG,KMKG,UNK,1,2,4.31041854780448e-07,0.00560515929444651
63,MKG,KMKG,UNK,1,2,1.06684706224769e-06,0.00511337864889993
64,MKG,KMKG,GENERAL AVIATION PARKING,1,2,5.24098045628051e-07,0.00697294603898673
65,MKG,KMKG,UNK,1,2,5.86512903894172e-07,0.0081045829170581
66,MKG,KMKG,GENERAL AVIATION PARKING,1,2,2.16672989413261e-07,0.00277537756393779
67,MKG,KMKG,GENERAL AVIATION PARKING,1,2,6.37128479585858e-07,0.0066480094547398
68,MKG,KMKG,UNK,1,2,4.15381570996074e-08,0.00115798088800035
69,MTH,KMTH,UNK,1,2,5.5871131219784e-09,0.000393696948970771
70,MTH,KMTH,UNK,1,2,5.04509213052062e-09,0.000395558902725757
71,MTH,KMTH,UNK,1,2,1.10674182153894e-08,0.000444347701314933
72,MTH,KMTH,UNK,1,2,5.69330117316906e-09,0.000373246140755727
73,MTH,KMTH,UNK,1,2,4.87494121199222e-09,0.000330861557406573
74,MTH,KMTH,UNK,1,2,5.44836285028966e-09,0.000378795561358994
75,MTH,KMTH,UNK,1,2,2.6401777598363e-08,0.000865213912258231
76,MTH,KMTH,UNK,1,2,4.30156887887279e-09,0.000322781244199435
77,MTH,KMTH,UNK,1,2,4.54497239843477e-09,0.000332625337685862
78,MTH,KMTH,CARGO APRON,1,2,1.2299460649956e-07,0.0015210650152171
79,JFK,KJFK,UNK,1,2,5.12698293277936e-05,0.0590808383944525
80,CDB,PACD,SOUTH APRON,1,2,1.97481222130591e-06,0.00618045113518961
81,CDB,PACD,NORTH APRON,1,2,4.52940194628493e-06,0.0100045445532296
82,CDB,PACD,UNK,1,2,1.71973078977317e-06,0.00547421328537522
83,CDB,PACD,UNK,1,2,9.86346501211099e-07,0.00445599015919763
84,CDB,PACD,UNK,1,2,2.46343370235991e-06,0.0129467395615774
85,CDB,PACD,UNK,1,2,1.66120426831062e-07,0.00183526109295854
86,CDB,PACD,UNK,1,2,6.19156433782908e-07,0.00407440167894099
87,CDB,PACD,UNK,1,2,1.63583727549876e-07,0.00183818228682571
88,INT,KINT,UNK,1,2,3.78869322048558e-06,0.0131483924458068
89,VRB,KVRB,NORTH RAMP,1,2,2.54630862012856e-06,0.0130023101662236
90,ADK,PADK,UNK,1,2,4.17026785726193e-06,0.0092800552671668
91,ADK,PADK,UNK,1,7,4.87978516230253e-06,0.0157438740323522
92,ADK,PADK,UNK,1,2,3.70347937886373e-07,0.00311145246957605
93,ADK,PADK,UNK,1,2,3.75197413554629e-07,0.00306072659634175
94,ADK,PADK,UNK,1,2,4.286909232043e-07,0.00347342168108569
95,TUS,KTUS,SOUTH RAMP,1,2,9.99673408844798e-06,0.0200738117127759
96,TUS,KTUS,UNK,1,2,7.69752418526212e-07,0.00478395279116447
97,TUS,KTUS,UNK,1,2,2.13040948437992e-07,0.00260201954476583
98,MTH,KMTH,GA APRON,1,2,2.63271715539304e-06,0.0134065884344461
99,MTH,KMTH,UNK,1,2,2.81034317595186e-07,0.00217131073331406
100,MTH,KMTH,UNK,1,2,2.30454735489216e-07,0.00376528457054886
101,MTH,KMTH,UNK,1,2,2.4569033030275e-07,0.00296187986513687
102,MTH,KMTH,UNK,1,2,4.68253573480786e-09,0.000361139794105488
103,MTH,KMTH,UNK,1,2,4.39884781031075e-09,0.000363198976042376
104,JFK,KJFK,UNK,1,2,1.00121250303786e-05,0.0206834687403879
105,JFK,KJFK,UNK,1,2,6.45513864583336e-08,0.0010925844819623
106,ALW,KALW,HOT CARGO AREA,1,2,1.69449519474632e-06,0.00761450616562734
107,VRB,KVRB,UNK,1,2,2.57348568422078e-06,0.0151006747555062
108,VRB,KVRB,UNK,1,2,1.60515935855223e-05,0.0546257844492025
109,HLN,KHLN,UNK,1,2,1.21117864182452e-07,0.00386798484720596
110,HLN,KHLN,UNK,1,2,8.15143721411005e-08,0.0013605303069094
111,HLN,KHLN,UNK,1,2,1.49702827911824e-08,0.00051436418395952
112,HLN,KHLN,UNK,1,2,1.759553924785e-08,0.000584234328736141
113,HLN,KHLN,UNK,1,2,5.37620508112013e-08,0.00153774095797796
114,HLN,KHLN,D,1,2,1.13063833850902e-08,0.000562690965124234
115,HLN,KHLN,UNK,1,2,3.94416019844357e-08,0.000968612049037724
116,MHT,KMHT,WEST CARGO RAMP,1,2,2.99404473480536e-06,0.00793491197122066
117,ADK,PADK,UNK,1,2,2.04121351998765e-06,0.00651338233409786
118,ADK,PADK,UNK,1,2,3.53547826995038e-06,0.0087071449896009
119,ADK,PADK,UNK,1,2,8.52578523335978e-08,0.00138738964848378
120,ADK,PADK,UNK,1,2,1.10461475550175e-06,0.00490631262667007
121,ADK,PADK,UNK,1,7,2.01429295954014e-06,0.0071859574175446
122,YIP,KYIP,UNK,1,2,2.42951045947848e-08,0.000837660863338355
123,YIP,KYIP,UNK,1,2,2.34961134992773e-08,0.000690271139115561
124,YIP,KYIP,UNK,1,2,1.53535415847728e-06,0.0166568828165016
125,YIP,KYIP,UNK,1,2,1.9820390662062e-08,0.000696327566005757
126,YIP,KYIP,UNK,1,2,8.89172042661812e-08,0.00278144432441896
127,YIP,KYIP,UNK,1,2,2.18603157910516e-08,0.000634461708370686
128,YIP,KYIP,UNK,1,2,2.3811480787117e-08,0.000819165050194271
129,YIP,KYIP,UNK,1,2,2.52261997957248e-08,0.000844748094083763
130,YIP,KYIP,UNK,1,2,2.27209966396913e-08,0.000771862941157524
131,MAF,KMAF,RUN-UP PAD,1,2,2.27429836741067e-07,0.0021339327463949
132,ROA,KROA,CARGO RAMP,1,2,3.4621538495816e-06,0.0115389883746966
133,ROA,KROA,UNK,1,2,3.17220383294625e-07,0.00328725222864225
134,ROA,KROA,UNK,1,2,1.97426061276929e-07,0.00190958839835662
135,ROA,KROA,UNK,1,2,6.12476883765645e-07,0.00386325582305097
136,ROA,KROA,HELICOPTER PARKING,1,2,3.00194960800582e-06,0.00740701000919795
137,ROA,KROA,UNK,1,2,7.22652593102696e-07,0.0070091852162556
138,ROA,KROA,UNK,1,2,5.84845361117914e-06,0.0130181600083687
139,ROA,KROA,DE-ICE AREA,1,2,2.46503759626648e-07,0.00225660738744158
140,ROA,KROA,NO ENTRY,1,2,3.09205915982602e-07,0.0025958997823366
141,ROA,KROA,UNK,1,2,3.32286925695466e-07,0.00208531607912487
142,ROA,KROA,UNK,1,2,3.67929291471714e-07,0.00272167285276475
143,CLT,KCLT,UNK,1,2,6.27978492573344e-06,0.0113051406313516
144,INT,KINT,UNK,1,2,4.67568738971372e-07,0.00634676040538874
145,LAS,KLAS,WEST CHARTER RAMP,1,2,7.24022902431898e-06,0.0123406349697362
146,VRB,KVRB,UNK,1,2,1.66408987328814e-06,0.023267746464484
147,VRB,KVRB,UNK,1,2,2.17607741109511e-06,0.0173711391867261
148,VRB,KVRB,UNK,1,2,2.22236116752261e-07,0.0022820755461323
149,INT,KINT,UNK,1,2,2.54255617444105e-06,0.0143244616700699
150,YIP,KYIP,UNK,1,2,2.49337972491048e-08,0.000710445092538346
151,YIP,KYIP,UNK,1,2,1.95561824511969e-08,0.000697136546863479
152,YIP,KYIP,UNK,1,2,2.29636043513892e-08,0.000719508291092949
153,YIP,KYIP,UNK,1,2,1.93358573596925e-08,0.000701854226637985
154,VRB,KVRB,UNK,1,2,2.85610931577722e-07,0.00267032740455364
155,VRB,KVRB,UNK,1,2,1.17480680179166e-06,0.00985432347318117
156,YIP,KYIP,UNK,1,2,7.88427722164808e-07,0.00944274639799509
157,YIP,KYIP,UNK,1,2,2.35618244914804e-08,0.000708858197246792
158,YIP,KYIP,UNK,1,2,1.75746208697092e-08,0.000566137015184159
159,YIP,KYIP,UNK,1,2,1.40253314384609e-06,0.0151789908911041
160,YIP,KYIP,UNK,1,2,7.50397414171766e-08,0.0012392539840186
161,YIP,KYIP,UNK,1,2,3.40681489002098e-07,0.00417096317617079
162,YIP,KYIP,UNK,1,2,5.34651007910725e-08,0.00172560487006512
163,YIP,KYIP,UNK,1,2,2.70021246251417e-07,0.00287717530854566
164,YIP,KYIP,UNK,1,2,3.78042159354663e-07,0.00277203990590992
165,YIP,KYIP,UNK,1,2,5.45033799426164e-07,0.00332556957934042
166,YIP,KYIP,UNK,1,2,8.47647547142644e-07,0.00770253314257399
167,YIP,KYIP,SOUTH RAMP,1,2,9.10990920102717e-06,0.0148726211779645
168,YIP,KYIP,UNK,1,2,1.67675784723542e-06,0.0071072656475498
169,VRB,KVRB,UNK,1,2,7.16962048048601e-06,0.0315767378687287
170,INT,KINT,UNK,1,2,1.1065291942447e-06,0.00561630204077831
171,INT,KINT,UNK,1,2,2.63063128558283e-07,0.00365302618789221
172,YIP,KYIP,WEST RAMP,1,2,1.69104006571786e-05,0.0263258694128148
173,YIP,KYIP,UNK,1,2,4.1355976215518e-06,0.0129905728028807
174,YIP,KYIP,EAST RAMP,1,2,1.21401553769829e-05,0.0251035071706429
175,PBI,KPBI,GENERAL AVIATION PARKING,1,2,1.41829318636155e-05,0.0311921392650589
176,PBI,KPBI,UNK,1,2,5.90996478422312e-07,0.00586371583662141
177,MHT,KMHT,UNK,1,2,4.73941554446355e-07,0.00464800891839281
178,MHT,KMHT,UNK,1,2,1.71962255990366e-07,0.00236019760392178
179,MHT,KMHT,EAST RAMP GENERAL AVIATION PARKING,1,2,9.11408642423339e-06,0.0232174311852578
180,MHT,KMHT,FBO RAMP,1,2,1.34283254737966e-07,0.00168484823188858
181,MHT,KMHT,EAST RAMP,1,2,2.62507910520071e-07,0.00250556050933139
182,MHT,KMHT,SOUTH CARGO RAMP,1,2,4.62970160697296e-06,0.0132470735506133
183,MHT,KMHT,UNK,1,2,8.72167447596439e-07,0.00756056407244049
184,MHT,KMHT,CORPORATE RAMP,1,2,6.32253431831487e-07,0.00437085997873991
185,MHT,KMHT,MHT HEX HANGARS,1,2,7.38881226425292e-07,0.00475330288782274
186,MHT,KMHT,NORTH CARGO RAMP,1,2,3.04919171867368e-06,0.00707678916173557
187,MHT,KMHT,NORTHEAST RAMP,1,2,2.01914326680708e-06,0.0128792002247884
188,MHT,KMHT,UNK,1,2,8.49093794386135e-07,0.00433625737430854
189,MHT,KMHT,UNK,1,2,6.16987767898536e-06,0.0182718188732718
190,SMX,KSMX,UNK,1,2,4.76772775554607e-07,0.00376782406901188
191,SMX,KSMX,CARGO RAMP,1,2,9.94814854493598e-07,0.004028986889113
192,SMX,KSMX,UNK,1,2,1.33143748826114e-06,0.00839595088668068
193,SMX,KSMX,UNK,1,2,1.02426020021085e-06,0.00737331562346409
194,SMX,KSMX,UNK,1,2,6.90852175466716e-07,0.0070170789081517
195,SMX,KSMX,UNK,1,2,2.22407834371552e-08,0.000789637754545399
196,SMX,KSMX,UNK,1,2,1.34911982945483e-07,0.0019857705614429
197,CDV,PACV,UNK,1,2,3.1722265703138e-08,0.000772482714171434
198,CDV,PACV,UNK,1,2,3.27408997691236e-08,0.00077440359409007
199,CDV,PACV,UNK,1,2,4.19586285715923e-08,0.000880654324192486
200,CDV,PACV,UNK,1,2,5.09653546032496e-08,0.000970855431898749
201,CDV,PACV,UNK,1,2,3.96557879867032e-08,0.000855756026049199
202,CDV,PACV,UNK,1,2,2.91856849798933e-08,0.000746445149928646
203,PBI,KPBI,UNK,1,2,9.16039471049457e-06,0.0159173999974022
204,EVV,KEVV,UNK,1,2,1.85442331712693e-07,0.00181015257696774
205,TUL,KTUL,UNK,1,2,2.14184734497538e-05,0.0334549354388165
206,TUL,KTUL,GENERAL AVIATION PARKING,1,2,1.53251021664524e-06,0.00581919852843428
207,TUL,KTUL,ELEV 673,1,2,7.21921172237849e-07,0.00433808028696113
208,TUL,KTUL,UNK,1,2,9.51834740331448e-08,0.00158159489558874
209,SMX,KSMX,UNK,1,2,1.37463379929577e-06,0.0138501888208669
210,SMX,KSMX,UNK,1,2,1.80784951162797e-06,0.0173598013262087
211,CLT,KCLT,UNK,1,2,8.59526490647466e-05,0.123309520504763
212,INT,KINT,UNK,1,2,7.35505649440693e-08,0.00148909781703284
213,MLB,KMLB,UNK,1,2,5.21960373589536e-07,0.00377325718982149
214,MLB,KMLB,UNK,1,2,1.59409955813317e-06,0.00869928380616359
215,MLB,KMLB,UNK,1,2,9.68925405686605e-07,0.0050351342272847
216,MLB,KMLB,NORTH WEST APRON,1,2,1.36457424559921e-06,0.00575397930171266
217,MLB,KMLB,UNK,1,2,1.68103360920213e-06,0.0169047260199265
218,MLB,KMLB,UNK,1,2,3.87935415346874e-07,0.00995247834697594
219,MLB,KMLB,UNK,1,2,2.86159547613352e-07,0.00429858774799242
220,MLB,KMLB,UNK,1,2,3.49340825778199e-06,0.0146943388577583
221,MRY,KMRY,NORTHEAST RAMP,1,2,4.01940699795711e-06,0.0221061982567431
222,MRY,KMRY,NORTHWEST RAMP,1,2,1.81031872205362e-06,0.0123349422636103
223,MLB,KMLB,UNK,1,2,6.03919329478231e-06,0.0180326883693163
224,MLB,KMLB,UNK,1,2,5.44716613148921e-07,0.00403530543023847
225,MLB,KMLB,UNK,1,2,3.23908216159907e-06,0.0160999230639956
226,MLB,KMLB,UNK,1,2,6.43616431261762e-07,0.00318438691485723
227,MLB,KMLB,UNK,1,2,7.33773504180135e-07,0.0044725162684138
228,MLB,KMLB,UNK,1,2,1.61528078024276e-07,0.00264988392705836
229,MLB,KMLB,UNK,1,2,3.30159764416749e-07,0.00277587536451487
230,MLB,KMLB,UNK,1,2,3.71763690054649e-07,0.00277070056147038
231,MLB,KMLB,UNK,1,2,6.99113343216595e-07,0.00384745722030267
232,MLB,KMLB,UNK,1,2,1.89724005394964e-07,0.00207227547446805
233,MLB,KMLB,UNK,1,2,1.01067826108192e-06,0.00562619737732996
234,MLB,KMLB,UNK,1,2,3.47027776115283e-06,0.0100940875170768
235,MRY,KMRY,UNK,1,2,1.22193857991131e-06,0.0105897504740593
236,MRY,KMRY,MILITARY RAMP,1,2,1.96699193111272e-06,0.00839673191614889
237,MRY,KMRY,ATC NON-VISIBILITY AREA,1,2,6.99366015013275e-07,0.00524734210227025
238,MRY,KMRY,UNK,1,2,1.27403915653468e-07,0.00307525668180024
239,MRY,KMRY,UNK,1,2,4.84233169117942e-08,0.00170263168596459
240,MRY,KMRY,UNK,1,2,4.84542292435164e-07,0.0049310030811874
241,EVV,KEVV,UNK,1,2,1.44687821442696e-07,0.00245993445816932
242,EVV,KEVV,UNK,1,2,4.12471398844594e-06,0.0117545974555551
243,EVV,KEVV,UNK,1,2,1.38649772593591e-07,0.00187827294339612
244,MLB,KMLB,UNK,1,2,4.40214307673159e-07,0.0127646314513287
245,MLB,KMLB,UNK,1,2,3.77282958652359e-07,0.0114697322360783
246,TVC,KTVC,UNK,1,2,1.01318811470998e-05,0.0384653747130372
247,TVC,KTVC,UNK,1,2,4.38449221797088e-06,0.0119684562433364
248,JRF,PHJR,UNK,1,2,4.11528617405565e-07,0.00295658013084036
249,JRF,PHJR,UNK,1,2,1.82951227998274e-05,0.0345954433914427
250,MLB,KMLB,UNK,1,2,3.63752860721434e-07,0.0108001030314038
251,MLB,KMLB,UNK,1,2,1.975781742658e-07,0.00638383017272572
252,MLB,KMLB,UNK,1,2,3.23713038596907e-07,0.00762201823407905
253,YKM,KYKM,UNK,1,2,3.85489329346456e-09,0.000265952044219793
254,YKM,KYKM,UNK,1,2,3.96903487853706e-09,0.000267573377133502
255,TVC,KTVC,DELTA RUN-UP PAD,1,2,7.8004054054762e-07,0.00526126410599804
256,TVC,KTVC,UNK,1,2,1.30091166283819e-07,0.00231157745308556
257,TVC,KTVC,UNK,1,2,1.74489273550849e-07,0.0029998875158713
258,TVC,KTVC,UNK,1,2,6.1818389204581e-07,0.00858359713180324
259,RIC,KRIC,UNK,1,2,5.23350781692425e-07,0.00677547323282831
260,RIC,KRIC,AIR FREIGHT RAMP PARKING,1,2,2.5808169539232e-06,0.00647633206684726
261,YKM,KYKM,UNK,1,2,2.81352185993455e-09,0.000218647904740484
262,YKM,KYKM,UNK,1,2,2.81170287053101e-09,0.00021861582997101
263,YKM,KYKM,UNK,1,2,2.83034751191735e-09,0.00021919271384708
264,YKM,KYKM,UNK,1,2,4.40937128587393e-07,0.00520242107299584
265,YKM,KYKM,UNK,1,2,1.55767793330597e-07,0.00161158940861725
266,YKM,KYKM,UNK,1,2,2.44633247348247e-06,0.00965790069544036
267,YKM,KYKM,UNK,1,2,8.5513920566882e-07,0.00573637295856327
268,YKM,KYKM,UNK,1,2,4.88125806441531e-09,0.000301698444351318
269,YKM,KYKM,UNK,1,2,1.4122106222203e-06,0.0102772585310486
270,YKM,KYKM,UNK,1,2,9.84276618931634e-07,0.00494118820617548
271,YKM,KYKM,UNK,1,2,3.75121089746244e-09,0.00026319898253581
272,YKM,KYKM,UNK,1,2,3.897184797097e-09,0.000266163400061362
273,YKM,KYKM,UNK,1,2,4.7571120376233e-09,0.000295754528382164
274,TVC,KTVC,UNK,1,2,1.10890095028626e-06,0.00728212360668351
275,TVC,KTVC,AIR CARRIER RAMP,1,2,4.89495004964147e-06,0.0144633664632184
276,TVC,KTVC,UNK,1,2,1.38890805718994e-06,0.0145173795810899
277,RIC,KRIC,NORTH AIR CARRIER RAMP,1,2,9.64708650047497e-06,0.0210706153490249
278,RIC,KRIC,UNK,1,2,3.98676775148488e-07,0.00424880927040978
279,LEW,KLEW,UNK,1,2,1.21878201753134e-07,0.00168804467581781
280,LEW,KLEW,UNK,1,2,2.15255065656988e-07,0.00231957013986502
281,LEW,KLEW,EAST APRON,1,2,7.12895127687185e-07,0.00512966917737065
282,LEW,KLEW,UNK,1,2,1.56476062329602e-07,0.00265684081017934
283,JRF,PHJR,HAWAII ARMY NATIONAL GUARD,1,2,6.92061181367058e-06,0.016691426616208
284,JRF,PHJR,U.S. COAST GUARD,1,2,2.65426459989011e-06,0.0095440817713873
285,YKM,KYKM,UNK,1,2,2.64786058323807e-06,0.0198553792310282
286,YKM,KYKM,UNK,1,2,4.42696546087973e-09,0.000270523131561067
287,YKM,KYKM,UNK,1,2,4.19368006987497e-09,0.000262511092513136
288,YKM,KYKM,UNK,1,2,4.89808371639811e-09,0.000298272094473294
289,YKM,KYKM,UNK,1,2,5.06270225741901e-09,0.00030864500078676
290,YKM,KYKM,UNK,1,2,4.84305928694084e-09,0.00029784600160545
291,YKM,KYKM,UNK,1,2,5.60425087314798e-06,0.0188457838607554
292,YKM,KYKM,UNK,1,2,1.73579337570118e-07,0.00252058793486005
293,YKM,KYKM,UNK,1,2,2.80670064967126e-09,0.000218457869187463
294,SAN,KSAN,WEST RAMP PARKING,1,2,1.9102365058643e-06,0.00645329351120676
295,MKG,KMKG,GENERAL AVIATION PARKING,1,2,4.60391440083863e-06,0.0151223088603804
296,JRF,PHJR,UNK,1,2,6.10496907971214e-07,0.00431842179482066
297,JRF,PHJR,UNK,1,2,1.64983669365126e-07,0.0018591950119581
298,JRF,PHJR,UNK,1,2,5.85005182074383e-08,0.000993510923067173
299,JRF,PHJR,UNK,1,2,1.0297753760824e-09,0.000401472852475108
300,JRF,PHJR,UNK,1,2,6.81772462485242e-07,0.00375622361827225
301,JRF,PHJR,UNK,1,2,4.07689140047296e-06,0.0104266540490145
302,HLN,KHLN,UNK,1,2,1.62940068548778e-07,0.00200226857414104
303,HLN,KHLN,UNK,1,2,1.99182022697642e-06,0.0104060251943419
304,HLN,KHLN,UNK,1,2,8.90031515154988e-07,0.011773319428648
305,HLN,KHLN,UNK,1,2,4.18650415667798e-07,0.00473449395334128
306,YKM,KYKM,UNK,1,2,8.14927261671983e-07,0.00809711829458947
307,YKM,KYKM,WEST RAMP PARKING,1,2,1.43848910738598e-06,0.00565851619702022
308,YKM,KYKM,EAST RAMP PARKING,1,2,1.07469486465561e-06,0.00816209444470407
309,YKM,KYKM,UNK,1,2,1.81898940354586e-11,0.000306637738133646
310,YKM,KYKM,UNK,1,2,5.47750914847711e-07,0.00674425731193597
311,YKM,KYKM,UNK,1,2,5.97628968534991e-09,0.000803778172111734
312,YKM,KYKM,UNK,1,2,2.71901171799982e-07,0.00333297529743309
313,SAN,KSAN,NORTH RAMP,1,2,3.60446245041036e-06,0.0120568922457642
314,SAN,KSAN,AIR CARGO RAMP,1,2,3.41199688591587e-06,0.01345195552293
315,SAN,KSAN,UNK,1,2,4.08006553698215e-06,0.0128734642942701
316,SAN,KSAN,GENERAL AVIATION PARKING,1,2,2.60662682194379e-06,0.00935888438277489
317,SAN,KSAN,ISLAND RAMP PARKING,1,2,1.10108576336643e-05,0.0145670603630546
318,SAN,KSAN,UNK,1,2,8.61191392687033e-06,0.0142016096172949
319,RKS,KRKS,UNK,1,2,2.82373313616191e-06,0.0224734162564339
320,RKS,KRKS,UNK,1,2,3.25407268422784e-07,0.00391811935718935
321,RKS,KRKS,UNK,1,2,2.79089486404996e-07,0.00279497816103878
322,IDP,KIDP,UNK,1,2,1.03758155288736e-05,0.0287279783140549
323,IDP,KIDP,UNK,1,2,1.04513219412183e-06,0.00409948540235738
324,IDP,KIDP,UNK,1,2,4.06519575335551e-07,0.00315544041521162
325,IDP,KIDP,TERMINAL APRON,1,2,7.09114137366655e-07,0.00386090354988016
326,SAN,KSAN,UNK,1,2,1.27108291962941e-05,0.0248122050971814
327,SMX,KSMX,UNK,1,2,2.35483895843006e-07,0.00228653766342954
328,SMX,KSMX,UNK,1,2,5.78272384071932e-06,0.0177313731930715
329,MRY,KMRY,UNK,1,2,4.90001184516586e-07,0.00624325428480586
330,ROA,KROA,UNK,1,2,8.77255046359722e-07,0.00651237999340227
331,ROA,KROA,GENERAL AVIATION,1,2,5.64880444320348e-06,0.0184066240577126
332,ROA,KROA,UNK,1,2,1.75188370121759e-06,0.00553179160893769
333,GYI,KGYI,UNK,1,2,3.29492847870108e-06,0.0184002164541674
334,IDP,KIDP,NORTH APRON,1,2,1.17866898108332e-06,0.00438082284330125
335,IDP,KIDP,UNK,1,2,2.82123210126883e-06,0.00768895761817962
336,IDP,KIDP,UNK,1,2,5.52040060918728e-06,0.0154114395065738
337,IDP,KIDP,UNK,1,2,2.53839743891149e-07,0.00384786251129268
338,HLN,KHLN,UNK,1,2,2.59237822319847e-08,0.000980391942169545
339,HLN,KHLN,UNK,1,2,2.54153746936936e-08,0.000837452341682129
340,MAF,KMAF,NORTH RAMP/TRANSIENT PARKING,1,2,6.7582100200525e-06,0.0115060307647668
341,MAF,KMAF,UNK,1,2,1.55595671458286e-07,0.00198530728810935
342,MAF,KMAF,EAST RAMP,1,2,1.68988776749757e-06,0.00721561204244126
343,MAF,KMAF,UNK,1,2,1.86531668864426e-07,0.00225390995116048
344,MAF,KMAF,CAF RAMP,1,2,1.83984422716388e-06,0.011206696892725
345,MAF,KMAF,UNK,1,2,1.22764186016866e-06,0.0046863556834905
346,MAF,KMAF,UNK,1,2,1.60104342082634e-07,0.00197570126545668
347,MAF,KMAF,UNK,1,2,3.59656723958324e-07,0.00339366768192508
348,MAF,KMAF,UNK,1,2,2.00942134351983e-07,0.00215866993625875
349,SMX,KSMX,UNK,1,2,3.37073928755385e-06,0.0213564314464515
350,TUL,KTUL,UNK,1,2,1.69772412246805e-05,0.0395658048347024
351,TUL,KTUL,UNK,1,2,5.98799696579014e-07,0.00718096882183061
352,GYI,KGYI,UNK,1,2,3.65252666102017e-07,0.00380356808448384
353,GYI,KGYI,UNK,1,2,4.10439405837404e-07,0.0025088647265864
354,GYI,KGYI,UNK,1,2,2.81491438101564e-07,0.00287769873931042
355,GYI,KGYI,UNK,1,2,1.08572913092454e-06,0.0057389826560742
356,GYI,KGYI,UNK,1,2,3.77413808847621e-07,0.00314714022658961
357,GYI,KGYI,UNK,1,2,5.92868090038001e-08,0.00309981618517897
358,GYI,KGYI,UNK,1,2,2.40743878585168e-05,0.0579963582953776
359,GYI,KGYI,UNK,1,2,4.86157887280569e-07,0.00656145245464162
360,GYI,KGYI,UNK,1,2,3.56286922459717e-07,0.00381480817683425
361,MAF,KMAF,UNK,1,2,2.1381768474521e-07,0.00316026264667903
362,MAF,KMAF,WEST EXECUTIVE RAMP,1,2,1.82655757025377e-06,0.00873843050590715
363,MAF,KMAF,UNK,1,2,1.49937022797531e-08,0.000493988856126612
364,MAF,KMAF,RUN-UP PAD,1,2,2.81657246049231e-07,0.0027575073488128
365,MAF,KMAF,SOUTH RAMP,1,2,3.35730237566167e-06,0.00783872723491645
366,MAF,KMAF,UNK,1,2,2.61711420534994e-07,0.00209127200804357
367,HLN,KHLN,UNK,1,2,1.42431417771149e-08,0.000514337644924651
368,HLN,KHLN,UNK,1,2,1.31499291455839e-08,0.000485113385340567
369,HLN,KHLN,UNK,1,2,1.51876520249061e-08,0.000579982955803622
370,HLN,KHLN,UNK,1,2,1.51226231537294e-08,0.000519634214110378
371,HLN,KHLN,UNK,1,2,5.9094418247696e-09,0.000494125340166987
372,HLN,KHLN,UNK,1,2,1.02390913525596e-08,0.000539732098042738
373,HLN,KHLN,UNK,1,2,2.32553247769829e-08,0.000769197440577658
374,HLN,KHLN,UNK,1,2,1.13575424620649e-07,0.0013580518311607
375,HLN,KHLN,UNK,1,2,1.12861016532406e-07,0.00138992739206647
376,TUL,KTUL,UNK,1,2,7.01900262356503e-07,0.00510600917912177
377,TUL,KTUL,UNK,1,2,1.86744770021589e-07,0.00236727994850149
378,TUL,KTUL,UNK,1,2,1.36859421218105e-06,0.00700391076672405
379,TUL,KTUL,UNK,1,2,4.58792502494587e-06,0.016908752564071
380,TUL,KTUL,UNK,1,2,1.88880009455161e-06,0.00589940385828059
381,TUL,KTUL,UNK,1,2,2.33532318816287e-07,0.00194915941158198
382,GYI,KGYI,UNK,1,2,2.18306376510713e-07,0.00295225319643755
383,GYI,KGYI,UNK,1,2,6.31368819375283e-07,0.00762662639570956
384,GYI,KGYI,UNK,1,2,6.4515130290127e-08,0.00116607532563649
385,GYI,KGYI,UNK,1,2,2.40980398302781e-07,0.0022012375399137
386,MAF,KMAF,UNK,1,2,3.37774963554693e-07,0.00304393844430538
387,MAF,KMAF,UNK,1,2,7.17766589608537e-07,0.0090681372142888
388,MAF,KMAF,UNK,1,2,4.41759902936045e-06,0.0112596151985969
389,MAF,KMAF,UNK,1,2,4.26214027023086e-08,0.000996340801985305
390,TUL,KTUL,ELEV 658,1,2,3.18320712722198e-06,0.00755989527227061
391,TUL,KTUL,UNK,1,2,5.15318106408813e-07,0.00295991109188988
392,TUL,KTUL,UNK,1,2,5.29384953822098e-06,0.0143248608197785
393,TUL,KTUL,ELEV 630,1,2,1.36510152515257e-06,0.00579936899464451
394,TUL,KTUL,UNK,1,2,2.71102067017637e-06,0.00820031434552761
395,TUL,KTUL,OKLAHOMA ANG,1,2,3.00579358736286e-07,0.00314899858336678
396,TUL,KTUL,UNK,1,2,7.83384479277486e-07,0.00423632618613152
397,TUL,KTUL,UNK,1,2,1.26449483732558e-06,0.00627228475999583
398,TUL,KTUL,UNK,1,2,3.68705914320644e-07,0.00304479553147662
399,TUL,KTUL,UNK,1,2,2.56579029303539e-06,0.00985827166103979
400,TUL,KTUL,UNK,1,2,6.90210981701966e-08,0.00130179635833454
401,TUL,KTUL,UNK,1,2,2.92776401396126e-07,0.00266355871303341
402,TUL,KTUL,UNK,1,2,8.79510935192229e-08,0.00127062689060354
403,TVC,KTVC,GENERAL AVIATION RAMP,1,2,1.3809514166907e-06,0.00616669128611663
404,TVC,KTVC,NORTH RAMP,1,2,3.55913016392151e-07,0.00241829147944613
405,TVC,KTVC,WEST HANGARS,1,2,6.08423336299208e-07,0.010010499163093
406,TVC,KTVC,NO GENERAL AVIATION,1,2,9.41271537158173e-07,0.00488755860912793
407,TVC,KTVC,EAST RAMP,1,2,4.6407133794113e-07,0.00308345363112206
408,TUL,KTUL,GENERAL AVIATION PARKING,1,2,3.4126067722795e-06,0.0166407447373737
409,TUL,KTUL,GENERAL AVIATION PARKING,1,2,3.33072193825501e-07,0.00241192074403064
410,TUL,KTUL,ELEV 600,1,2,1.25992869470792e-06,0.00456793980645933
411,TUL,KTUL,UNK,1,2,1.08982760642362e-07,0.00170015468561314
412,MAF,KMAF,EXECUTIVE RAMP,1,2,4.46098397333117e-06,0.0242332561115081
413,MAF,KMAF,AIR CARRIER RAMP/SIDA,1,2,7.06320656718162e-06,0.012055172091922
414,JRF,PHJR,UNK,1,2,1.15519897008198e-05,0.0136295373918986
415,TUL,KTUL,UNK,1,2,4.58430566515483e-06,0.0235022634519303
416,EVV,KEVV,UNK,1,2,1.09545433110876e-08,0.000630411040072035
417,EVV,KEVV,UNK,1,2,1.06886091089109e-08,0.000597731536286169
418,EVV,KEVV,UNK,1,2,8.61541593621951e-09,0.000596356432288444
419,TVC,KTVC,SOUTH RAMP,1,2,3.46244262305201e-06,0.0113729924971552
420,TVC,KTVC,UNK,1,2,1.23916152006132e-07,0.00174541432063751
421,TVC,KTVC,NORTH HANGARS,1,2,2.96691496259882e-07,0.00384436581477125
422,INT,KINT,UNK,1,2,6.23954747425159e-07,0.00473192012880569
423,INT,KINT,UNK,1,2,9.81109906206257e-07,0.00548485683827768
424,INT,KINT,UNK,1,2,5.45708189747529e-07,0.00488302476802953
425,INT,KINT,UNK,1,2,6.17504838373861e-07,0.00654149922911422
426,INT,KINT,UNK,1,2,3.83646010959637e-07,0.00275671015452328
427,INT,KINT,UNK,1,2,9.06377863429952e-07,0.00439151351125602
428,HLN,KHLN,MNG & USFS FIRE RETARDANT RAMP,1,2,2.79235428024549e-06,0.00717242187389487
429,HLN,KHLN,UNK,1,2,2.28015778702684e-07,0.00294501570359167
430,TUL,KTUL,GENERAL AVIATION PARKING,1,2,4.08574672849937e-06,0.00943134863751652
431,EVV,KEVV,UNK,1,2,9.37029653869104e-09,0.000584354657319015
432,EVV,KEVV,UNK,1,2,7.88259058026597e-09,0.000538609213772924
433,EVV,KEVV,UNK,1,2,1.40090573442012e-07,0.00180267672238038
434,BDL,KBDL,UNK,1,2,4.73561753328716e-07,0.00319818812167855
435,SMX,KSMX,UNK,1,2,6.99523960213944e-06,0.0397380053938939
436,ORD,KORD,UNK,1,2,5.62388891012233e-06,0.0136765380507449
437,ORD,KORD,UNK,1,2,1.4926490621292e-06,0.00619356799047955
438,ORD,KORD,UNK,1,2,1.61745879267983e-06,0.00679033171052278
439,ORD,KORD,UNK,1,2,1.64094922183722e-06,0.00621081074402859
440,ORD,KORD,UNK,1,2,1.69000145433529e-06,0.00652907561284095
441,MRY,KMRY,UNK,1,2,8.01874156052505e-06,0.032912636116596
442,PHL,KPHL,UNK,1,2,3.22314690492931e-07,0.00415298229923784
443,PHL,KPHL,UNK,1,2,3.17471176458639e-07,0.00439786612378497
444,PHL,KPHL,UNK,1,2,4.75683665041027e-07,0.00525479096031904
445,PHL,KPHL,UNK,1,2,3.2529214877286e-07,0.00443470721521064
446,PHL,KPHL,UNK,1,2,2.88581304630497e-07,0.00440372544701996
447,PHL,KPHL,UNK,1,2,5.28010104972054e-07,0.00539809184719084
448,PHL,KPHL,DEICING APRON,1,2,3.1746117201692e-07,0.00445413784328927
449,PHL,KPHL,DEICING APRON,1,2,3.28999249177286e-07,0.00451540098535296
450,PSC,KPSC,UNK,1,2,3.10240693579544e-06,0.0113360411034151
451,PSC,KPSC,UNK,1,2,1.15037937575835e-06,0.0053967956182614
452,PSC,KPSC,UNK,1,2,2.03124568921853e-07,0.00319697397180008
453,PHL,KPHL,UNK,1,2,6.11979658060591e-07,0.00550753900621059
454,PHL,KPHL,UNK,1,2,1.18297562052769e-06,0.00689562509610283
455,PHL,KPHL,UNK,1,2,3.33338291139823e-07,0.00296570464319723
456,PHL,KPHL,UNK,1,2,2.52825202551321e-07,0.00351000121499353
457,PHL,KPHL,UNK,1,2,2.73854311672039e-07,0.00339445957728889
458,PHL,KPHL,UNK,1,2,2.43643853536923e-07,0.00353837861243903
459,PHL,KPHL,UNK,1,2,1.20496679301141e-07,0.0026586737266566
460,ORD,KORD,UNK,1,2,5.4509291658178e-07,0.00326109268430676
461,ORD,KORD,UNK,1,2,7.0145233621588e-07,0.00345768718922547
462,MRY,KMRY,UNK,1,2,3.38531571137703e-06,0.0146673188831765
463,ORD,KORD,UNK,1,2,8.15783778307377e-07,0.00392626848747533
464,ORD,KORD,UNK,1,2,3.31931187247392e-06,0.00942200599164935
465,ORD,KORD,UNK,1,2,3.13951750285923e-06,0.0102910074821283
466,ORD,KORD,ORCHARD PAD,1,2,2.74463104688039e-06,0.0123319294640136
467,PSC,KPSC,UNK,1,2,8.56364749779459e-07,0.00666681093574798
468,PSC,KPSC,UNK,1,2,1.37356437335256e-07,0.00230065559062691
469,PSC,KPSC,UNK,1,2,4.74339685752057e-07,0.00579046976782784
470,PSC,KPSC,UNK,1,2,2.15145519177895e-08,0.000607740003753679
471,PSC,KPSC,UNK,1,2,1.9029357645195e-08,0.000574237436847376
472,PSC,KPSC,UNK,1,2,3.10124050884042e-08,0.000768507986945986
473,MHT,KMHT,UNK,1,2,1.46470665640663e-06,0.00574893604593207
474,PSC,KPSC,UNK,1,2,1.75746208697092e-08,0.00101706926287673
475,PSC,KPSC,UNK,1,2,4.14133864978794e-08,0.00137883784709886
476,PSC,KPSC,UNK,1,2,4.61953656213238e-08,0.00085898820433327
477,PSC,KPSC,UNK,1,2,3.61241467403302e-08,0.000801528766571407
478,PSC,KPSC,UNK,1,2,1.47647992660219e-07,0.00349963605001933
479,PSC,KPSC,UNK,1,2,1.87330906759042e-08,0.000570011762720866
480,CLT,KCLT,UNK,1,2,7.79141373641323e-09,0.000496417307574785
481,PSC,KPSC,UNK,1,2,4.16095628145638e-07,0.00492559601591697
482,PSC,KPSC,UNK,1,2,8.38301894637294e-08,0.00129717845190506
483,PSC,KPSC,UNK,1,2,7.98744404350432e-08,0.00133363280074625
484,PSC,KPSC,UNK,1,2,7.37271027770325e-08,0.00124477644322417
485,PHL,KPHL,UNK,1,2,1.05352369673267e-06,0.00529514426745772
486,PHL,KPHL,CARGO APRON,1,2,3.98749817995259e-06,0.00843597604521279
487,PHL,KPHL,CARGO CITY,1,2,3.746803940885e-06,0.00870533529512238
488,CLT,KCLT,UNK,1,2,2.55134020643588e-06,0.0120764544166536
489,CLT,KCLT,UNK,1,2,7.1318195296044e-06,0.0204994920666824
490,PSC,KPSC,BUSINESS PARK,1,2,7.27546968590925e-08,0.00127254132865456
491,PSC,KPSC,UNK,1,2,8.38969039431564e-08,0.00132205313372592
492,PSC,KPSC,UNK,1,2,1.02940771299492e-07,0.00146348086477544
493,PHL,KPHL,A WEST,1,2,1.1441267815826e-05,0.0148208419810458
494,PHL,KPHL,B,1,2,5.44338308827719e-06,0.0115662846094371
495,PSC,KPSC,UNK,1,2,4.39754967374029e-06,0.014528186406926
496,PSC,KPSC,UNK,1,2,3.34620947426562e-07,0.00227108300161207
497,LAS,KLAS,UNK,1,2,2.12976389188935e-05,0.0409827121914368
498,LAS,KLAS,HOLDING PAD #7,1,2,8.79460731084691e-06,0.0130377088552898
499,LAS,KLAS,HOLDING PADS #5,1,2,1.45265948958695e-06,0.00582972138809625
500,LAS,KLAS,HOLDING PAD #6,1,2,2.32271304412279e-06,0.00846863858158777
501,CLT,KCLT,NC ANG,1,2,1.0625108443435e-05,0.0174551636798574
502,CLT,KCLT,UNK,1,2,5.614789212946e-07,0.00446345289938651
503,CLT,KCLT,DE-ICING AREA,1,2,8.50142952957267e-06,0.0132894141173018
504,PHL,KPHL,WEST APRON,1,2,1.40579269002419e-06,0.00680359378728862
505,PSC,KPSC,UNK,1,2,1.88406374945771e-08,0.000620820083341254
506,PSC,KPSC,UNK,1,2,7.48923412174918e-08,0.00220458353606677
507,PSC,KPSC,UNK,1,2,6.23840605840087e-08,0.00208456175944983
508,PSC,KPSC,UNK,1,2,6.91120476403739e-08,0.00210985353754316
509,PSC,KPSC,UNK,1,2,7.31729414837901e-08,0.00215343001023797
510,PSC,KPSC,UNK,1,2,5.71226337342523e-08,0.0021328264060791
511,PSC,KPSC,UNK,1,2,5.49202923139092e-08,0.0015241945621255
512,PSC,KPSC,UNK,1,2,2.09902282222174e-08,0.000745382999439342
513,PSC,KPSC,UNK,1,2,1.82690200745128e-08,0.000608110830337639
514,PHL,KPHL,UNK,1,2,2.95698146146606e-06,0.00985238521644667
515,PHL,KPHL,UNK,1,7,4.69091034922126e-07,0.00275207523023529
516,PSC,KPSC,UNK,1,2,1.48334038385656e-08,0.00054521292824972
517,PSC,KPSC,UNK,1,2,9.09039954422042e-09,0.000392796982049304
518,BOS,KBOS,UNK,1,2,5.78799927097862e-07,0.00386339482772323
519,BOS,KBOS,J PAD (PARKING),1,2,1.85652930646645e-06,0.0072640383499118
520,PSC,KPSC,UNK,1,2,1.56524038175121e-08,0.000565435199524819
521,PSC,KPSC,UNK,1,2,2.24490577238612e-08,0.000668188725122063
522,PSC,KPSC,UNK,1,2,2.20466063183267e-08,0.000664806789392426
523,PSC,KPSC,UNK,1,2,6.54245013720356e-09,0.000339149990725278
524,PSC,KPSC,UNK,1,2,6.5779204305727e-09,0.000339875876498322
525,PSC,KPSC,UNK,1,2,6.26778273726813e-09,0.00033282918695574
526,PSC,KPSC,UNK,1,2,5.81167114432901e-09,0.000316940131235306
527,PSC,KPSC,UNK,1,2,4.16775947087444e-09,0.000261577367020935
528,PHL,KPHL,UNK,1,2,7.0904729909671e-07,0.00784277559874519
529,RKS,KRKS,UNK,1,2,1.04461908554537e-06,0.014089772662739
530,PHL,KPHL,NORTH APRON,1,2,3.13831314885382e-06,0.00928491151771251
531,DEN,KDEN,DE-ICE PAD,1,2,5.02993405398534e-06,0.00875476712927833
532,BOS,KBOS,GENERAL AVIATION RAMP,1,2,5.89086357649649e-06,0.0112660393049834
533,BOS,KBOS,NORTH CARGO,1,2,8.93614365679585e-06,0.0172084039013638
534,RKS,KRKS,UNK,1,2,2.12740906135878e-06,0.00610048662638261
535,RKS,KRKS,UNK,1,2,2.5008785087266e-07,0.00528783864313546
536,PSC,KPSC,UNK,1,2,4.55247572972439e-09,0.000275426041453946
537,PSC,KPSC,UNK,1,2,4.60340743302368e-09,0.000276610987651299
538,PSC,KPSC,UNK,1,2,6.19365891907364e-09,0.000329806840790466
539,PSC,KPSC,UNK,1,2,6.2186700233724e-09,0.000330315963652046
540,PSC,KPSC,UNK,1,2,4.606135917129e-09,0.000276686836776762
541,PSC,KPSC,UNK,1,2,6.0204001783859e-09,0.000324785508567019
542,PSC,KPSC,UNK,1,2,5.74709702050313e-09,0.000318421590580786
543,PSC,KPSC,UNK,1,2,5.43514033779502e-09,0.00030654113854508
544,PSC,KPSC,GENERAL AVIATION PARKING,1,2,3.2451017571572e-06,0.0120108007023072
545,LEW,KLEW,WEST ITINERANT APRON,1,2,2.74643381867334e-06,0.00927056717228486
546,LEW,KLEW,UNK,1,2,2.8893697320842e-07,0.00254047074792794
547,LEW,KLEW,UNK,1,2,2.3598837830402e-07,0.00394246525369867
548,LEW,KLEW,UNK,1,2,1.46294956503146e-07,0.00208881175304627
549,PHL,KPHL,UNK,1,2,1.57268550537992e-06,0.00529353065331726
550,PHL,KPHL,UNK,1,2,8.20900619359979e-06,0.018338479874837
551,PHL,KPHL,UNK,1,2,9.90034254755301e-06,0.0183370046081556
552,ORD,KORD,SOUTHEAST CARGO RAMP,1,2,2.35551130549627e-05,0.0323941381699107
553,PSC,KPSC,UNK,1,2,4.80304152006283e-09,0.000288212579488566
554,PSC,KPSC,UNK,1,2,9.71085682976991e-08,0.00216955612287741
555,PSC,KPSC,UNK,1,2,1.12441284727538e-07,0.002198660153539
556,PSC,KPSC,UNK,1,2,6.24095264356583e-09,0.000331525236127903
557,PSC,KPSC,UNK,1,2,6.02403815719299e-09,0.000327309394507142
558,PSC,KPSC,UNK,1,2,6.13090378465131e-09,0.000328655958730503
559,PSC,KPSC,UNK,1,2,6.1077116697561e-09,0.000328427356249285
560,PSC,KPSC,UNK,1,2,6.14181772107258e-09,0.000329564515440374
561,ORD,KORD,SOUTHWEST CARGO RAMP,1,2,8.60353611642495e-06,0.0128904935141931
562,ORD,KORD,SOUTH CENTRAL CARGO RAMP,1,2,7.56844610805274e-06,0.0120748973900026
563,ORD,KORD,A PAD,1,2,9.34172931010835e-07,0.0047976402251802
564,ORD,KORD,UNK,1,2,8.14207169241854e-07,0.00454530056928214
565,ORD,KORD,NORTHEAST CARGO RAMP,1,2,1.52946631715167e-05,0.02118722998427
566,ORD,KORD,UNK,1,2,2.45752084993001e-06,0.00728133967446389
567,ORD,KORD,B PAD,1,2,1.27351313494728e-06,0.00555740952865542
568,ORD,KORD,GENERAL AVIATION RAMP,1,2,4.38467447444468e-06,0.0122247060915194
569,PHL,KPHL,UNK,1,2,2.38580232564539e-05,0.0262274765008723
570,PHL,KPHL,UNK,1,2,2.03662921194336e-07,0.00297528021187267
571,PHL,KPHL,UNK,1,2,1.20773847811506e-07,0.00288035624616397
572,CLT,KCLT,AIR CARGO,1,2,2.48099178446458e-06,0.00638147552837375
573,CLT,KCLT,UNK,1,2,4.79490986437711e-06,0.0111924644952368
574,BOS,KBOS,UNK,1,2,1.21844151276286e-06,0.00538030547627218
575,DEN,KDEN,DE-ICE PAD,1,2,4.06882070764711e-06,0.0076505478468227
576,LEW,KLEW,UNK,1,2,4.05787131729785e-07,0.00400125615158886
577,LEW,KLEW,UNK,1,2,4.89746980747441e-08,0.00106981559087293
578,LEW,KLEW,UNK,1,2,6.60061022812221e-07,0.00790750392936131
579,LEW,KLEW,WEST APRON,1,2,1.67978377933753e-06,0.00589057353280335
580,PSC,KPSC,UNK,1,2,6.24140739091672e-09,0.000328165214317921
581,PSC,KPSC,UNK,1,2,3.12456904794089e-09,0.000241600420257359
582,PSC,KPSC,UNK,1,2,4.89135345560499e-08,0.00135892962900553
583,PSC,KPSC,UNK,1,2,4.89671947434545e-08,0.00149523683173383
584,PSC,KPSC,UNK,1,2,6.37978700979147e-08,0.0015175460054843
585,PSC,KPSC,UNK,1,2,4.60195224150084e-08,0.00107088273203259
586,DEN,KDEN,DE-ICE PAD,1,2,4.03757731768858e-06,0.00760788639316563
587,CLT,KCLT,UNK,1,2,9.5172888450179e-06,0.0237169228848306
588,MRY,KMRY,UNK,1,2,4.03679253609471e-06,0.0123734710271419
589,ORD,KORD,UNK,1,2,5.32252170160064e-06,0.0133728947321337
590,DEN,KDEN,UNK,1,2,3.68802602679352e-06,0.00811473605732943
591,DEN,KDEN,UNK,1,2,2.56725571456951e-05,0.0360817157690956
592,DEN,KDEN,UNK,1,2,3.92584190140721e-05,0.0729818248721664
593,DEN,KDEN,UNK,1,2,1.62655065435134e-06,0.0160386955435262
594,DEN,KDEN,UNK,1,2,1.50982854288384e-06,0.0151675629365045
595,DEN,KDEN,DE-ICE PAD,1,2,7.39833375465113e-06,0.0179840005343617
596,DEN,KDEN,UNK,1,2,2.26952714559026e-06,0.00763979482241946
597,DEN,KDEN,UNK,1,2,7.82669576437911e-06,0.0125689005717134
598,DEN,KDEN,WEST RON PAD,1,2,6.73964449441223e-06,0.0142796183604044
599,DEN,KDEN,UNK,1,2,3.28905413180935e-06,0.0105184482448369
600,DEN,KDEN,UNK,1,2,1.96883047465235e-06,0.0179910303844177
601,DEN,KDEN,UNK,1,2,1.78161269619725e-05,0.0307966594664969
602,PSC,KPSC,UNK,1,2,8.4452040027827e-08,0.00220219045360767
603,TNP,KTNP,UNK,1,2,3.84620761906262e-08,0.000894312578892066
604,DEN,KDEN,UNK,1,2,2.91359355816256e-05,0.0491546527592948
605,TNP,KTNP,UNK,1,2,3.88292846764671e-08,0.000886079968120229
606,TNP,KTNP,UNK,1,2,2.34979069577146e-06,0.011747739650134
607,LAS,KLAS,UNK,1,2,4.96195077174574e-05,0.0730956297598894
608,DEN,KDEN,UNK,1,2,2.85743476717212e-06,0.00701605782081245
609,DEN,KDEN,UNK,1,2,1.86381475941744e-06,0.00796258796662354
610,DEN,KDEN,UNK,1,2,4.94842360648784e-06,0.00855336705950465
611,DEN,KDEN,UNK,1,2,6.57861760814879e-06,0.0333342906069081
612,DEN,KDEN,UNK,1,2,7.88870841652786e-06,0.0336422605145787
613,DEN,KDEN,UNK,1,2,1.90815307447162e-07,0.00248273599949865
614,LAS,KLAS,UNK,1,2,3.22970481177187e-05,0.0405779441518648
615,LAS,KLAS,UNK,1,2,5.58356459248732e-07,0.004081268059621
616,LAS,KLAS,HOLDING PADS #1,1,2,3.58957084617417e-06,0.00801246715968756
617,LAS,KLAS,N & S HOLDING PADS,1,2,3.13063036038244e-06,0.00707685993572787
618,TEB,KTEB,UNK,1,2,3.1043847093697e-07,0.00303395932923001
619,DEN,KDEN,UNK,1,2,1.53448204400775e-05,0.0341399418833809
620,DEN,KDEN,UNK,1,2,3.08197215283246e-06,0.0280769310645218
621,DEN,KDEN,UNK,1,2,2.19861258577564e-07,0.00323595656327899
622,TEB,KTEB,UNK,1,2,7.46479786802035e-06,0.0156626234883514
623,TEB,KTEB,UNK,1,2,1.32437291597981e-06,0.00759961863729136
624,TEB,KTEB,UNK,1,2,5.17096867107443e-07,0.00383591466049079
625,TEB,KTEB,UNK,1,2,2.63065158803699e-06,0.0235991021979298
626,AUS,KAUS,UNK,1,2,6.06181576996712e-07,0.00399377979636662
627,DEN,KDEN,DE-ICE PAD E,1,2,1.96974573184877e-06,0.00701447341120308
628,DEN,KDEN,GENERAL AVIATION PARKING,1,2,4.58007303960086e-06,0.00948787115721093
629,LAS,KLAS,N & S HOLDING PADS,1,2,3.28642860192296e-06,0.00715605961684308
630,LAS,KLAS,UNK,1,2,1.94988187113276e-05,0.0470717575368919
631,LAS,KLAS,NORTHEAST HOLDING PAD,1,2,5.10622320384901e-07,0.00310051186244868
632,LAS,KLAS,HOLDING PADS #2,1,2,3.04656689531502e-06,0.00666567252487392
633,LAS,KLAS,HOLDING PADS #3,1,2,4.25637800477441e-06,0.007958599499002
634,AUS,KAUS,MAINTENANCE RAMP,1,2,7.36980865287395e-06,0.0115520282761529
635,LAS,KLAS,HOLDING PADS #4,1,2,3.51966869782411e-06,0.00804761064207206
636,DEN,KDEN,UNK,1,2,1.15748866846843e-05,0.0229726872776233
637,DEN,KDEN,DE-ICE PAD SC,1,2,2.11397448875855e-06,0.00582473021442727
638,BWI,KBWI,MID-FIELD CARGO COMPLEX,1,2,1.14429390123405e-05,0.0263874850410736
639,LAS,KLAS,UNK,1,2,3.60525525044952e-07,0.00587237584695873
640,DEN,KDEN,UNK,1,2,9.27335349842906e-06,0.0218120593227184
641,DEN,KDEN,DE-ICE PAD,1,2,5.60514627068187e-06,0.0148047045926757
642,BWI,KBWI,APRON,1,7,2.62413823293173e-06,0.0147521898115223
643,BWI,KBWI,DE-ICING AREA,1,2,5.97674102209567e-06,0.0139185766663457
644,BWI,KBWI,AIR CARGO,1,2,5.6149744978029e-06,0.0100966319538628
645,BWI,KBWI,RON,1,2,1.82719122676644e-06,0.00586348563302256
646,BWI,KBWI,DE-ICING,1,2,5.2568796036212e-06,0.0129045050885668
647,BWI,KBWI,GENERAL AVIATION PARKING,1,2,1.22124108656863e-05,0.0276110791250013
648,BWI,KBWI,UNK,1,2,1.12128509499598e-06,0.00695073239973801
649,BWI,KBWI,DE-ICE,1,2,1.38712107400352e-06,0.00540279379783745
650,BWI,KBWI,ALTERNATE DE-ICING PAD,1,2,1.91590697795618e-06,0.00601005021805445
651,PSC,KPSC,UNK,1,2,3.63867697587145e-08,0.000821935238745368
652,PSC,KPSC,UNK,1,2,1.09451366370195e-06,0.00531945768438123
653,PSC,KPSC,UNK,1,2,8.91184168502757e-07,0.00585599120599799
654,PSC,KPSC,DE-ICE PAD,1,2,4.40301846538205e-07,0.00281504085079882
655,TPA,KTPA,AIRSIDE A,1,2,3.5245002436568e-06,0.00795501157061914
656,TPA,KTPA,AIRSIDE A SORT REMOTE AIRCRAFT PARKING,1,2,8.15473867987748e-07,0.00361287361302294
657,TPA,KTPA,UNK,1,2,3.69586894729407e-06,0.00904817579598534
658,RIC,KRIC,UNK,1,2,4.68405882646933e-07,0.00543218434505097
659,RIC,KRIC,UNK,1,2,9.12759837933506e-07,0.00596553461800012
660,RIC,KRIC,UNK,1,2,4.61743411506177e-07,0.00312441610792023
661,RIC,KRIC,EAST RAMP 1,1,2,3.0373751087609e-06,0.00735428906182773
662,RIC,KRIC,EAST RAMP 3,1,2,2.99635371447948e-06,0.0100448926695363
663,RIC,KRIC,EAST RAMP 4,1,2,4.3282307049114e-06,0.0109105390901492
664,DTW,DTW,UNK,1,2,1.40228922504149e-05,0.0195967017396923
665,TPA,KTPA,GENERAL AVIATION PARKING,1,2,3.17442868436046e-06,0.00872288598131676
666,TPA,KTPA,UNK,1,2,5.39367107176003e-06,0.0152424069003741
667,RIC,KRIC,UNK,1,2,1.1950312262211e-06,0.00653800868558356
668,RIC,KRIC,FBO/GENERAL AVIATION PARKING,1,2,1.82840676643536e-06,0.00592592400310169
669,RIC,KRIC,UNK,1,2,1.8495662061635e-07,0.00237640338689378
670,RIC,KRIC,UNK,1,2,4.19669217602107e-07,0.00285852612114695
671,RIC,KRIC,FBO/GENERAL AVIATION PARKING,1,2,2.80831705226463e-06,0.0113138177262645
672,RIC,KRIC,UNK,1,2,8.8076434659537e-06,0.0218324956856429
673,RIC,KRIC,CARGO RAMP,1,2,6.68098300593556e-06,0.0164768495909887
674,RIC,KRIC,UNK,1,2,5.65464233659441e-07,0.00305921043738227
675,RIC,KRIC,UNK,1,2,1.60624481721754e-05,0.0380072964749532
676,PBI,KPBI,UNK,1,2,4.13238880173084e-06,0.010695756090911
677,PBI,KPBI,UNK,1,2,1.56242322191247e-07,0.00188595611843078
678,DCA,KDCA,GENERAL AVIATION PARKING,1,2,4.8825754153381e-06,0.0118274576682875
679,DCA,KDCA,HOLD BAY 19,1,2,4.44968236479326e-07,0.00348614921534045
680,DCA,KDCA,COMMUTER PARKING,1,2,2.02523078966788e-06,0.0060375757531777
681,DCA,KDCA,UNK,1,2,3.53473947848904e-05,0.0688932814358326
682,DCA,KDCA,HOLD BAY 33,1,2,8.55765058502787e-07,0.00534318620925683
683,DCA,KDCA,HOLD BAY 4,1,2,1.57029194269853e-06,0.00540239170890708
684,TPA,KTPA,UNK,1,2,2.9713132789766e-06,0.007352469522885
685,DCA,KDCA,HOLD BAY 22,1,2,3.81815407992248e-07,0.00285221986343682
686,DCA,KDCA,HOLD BAY 15,1,2,9.55108065754662e-07,0.00410137322840144
687,DCA,KDCA,HOLD BAY 1,1,2,7.29046349116913e-07,0.00496988198108132
688,DCA,KDCA,UNK,1,2,5.18710378059461e-08,0.000923551648351813
689,DCA,KDCA,UNK,1,2,4.56941585578411e-07,0.00350894657784502
690,TPA,KTPA,UNK,1,2,4.26724682256463e-07,0.00405905618259012
691,DCA,KDCA,UNK,1,2,3.57878433627796e-07,0.00283082398070519
692,DCA,KDCA,UNK,1,2,3.27732694912174e-07,0.00271544084870958
693,DCA,KDCA,UNK,1,2,1.66574606219063e-07,0.00175791475438501
694,DCA,KDCA,UNK,1,2,6.34667849799803e-07,0.00453868274630059
695,TPA,KTPA,UNK,1,2,3.31772326221669e-06,0.010455252126198
696,TPA,KTPA,UNK,1,2,1.24530492939812e-06,0.00475128819101387
697,TPA,KTPA,MAINTENANCE RUNUP AREA,1,2,1.14845188073365e-06,0.00518676643397273
698,TPA,KTPA,UNK,1,2,2.48341676022112e-07,0.00361692078606816
699,TPA,KTPA,AIRSIDE E,1,2,1.60794165056377e-06,0.00547884385772014
700,TPA,KTPA,AIRSIDE F,1,2,1.77948527380067e-06,0.00615647266990459
701,SWF,KSWF,UNK,1,2,1.34728088596603e-06,0.00475547299722691
702,SWF,KSWF,CARGO AREA,1,2,1.75134300661739e-06,0.00570684474866905
703,SWF,KSWF,CARGO AREA,1,2,3.71598457604705e-06,0.00944699916821438
704,SWF,KSWF,UNK,1,2,2.4738196771068e-06,0.00896482403656147
705,SWF,KSWF,UNK,1,2,1.40021938932477e-07,0.00187608618327798
706,SWF,KSWF,UNK,1,2,3.5236530493421e-07,0.00305228494723013
707,SWF,KSWF,UNK,1,2,1.36110656967503e-07,0.00178297089949819
708,SWF,KSWF,UNK,1,2,2.4507357920811e-07,0.00238701826481807
709,SWF,KSWF,UNK,1,2,7.01676526659867e-07,0.00360828968176313
710,SWF,KSWF,UNK,1,2,4.22974380853702e-07,0.0027427614949503
711,SFO,KSFO,UNK,1,2,1.05489198176656e-06,0.00453793243253435
712,SWF,KSWF,GENERAL AVIATION RAMP,1,2,1.23377383260959e-05,0.0320519618363135
713,TUS,KTUS,WEST RAMP,1,2,7.89167233961052e-06,0.0224585563460911
714,SFO,KSFO,B/A B,1,2,2.05102742256713e-06,0.00678674219867593
715,TUS,KTUS,UNK,1,2,1.41645033200355e-05,0.025009034893847
716,TUS,KTUS,AIR FREIGHT RAMP,1,2,7.23536641089595e-06,0.0111701450541759
717,TUS,KTUS,UNK,1,2,5.55407929549688e-07,0.00389161823726797
718,TUS,KTUS,UNK,1,2,1.77567322579009e-06,0.00897319323877721
719,SFO,KSFO,RAMP TWR G,1,2,7.79526362748584e-06,0.0127690946079231
720,TPA,KTPA,UNK,1,2,5.82733605051892e-06,0.0164286059295296
721,TPA,KTPA,UNK,1,2,4.90712523568138e-06,0.0112930108032004
722,SFO,KSFO,RAMP TWR A,1,2,2.68020767180133e-06,0.00649048676822626
723,SFO,KSFO,B/A A,1,2,5.53808467884664e-06,0.0105472012949277
724,SFO,KSFO,B/A G,1,2,6.23000414634589e-06,0.0132262717489223
725,TUS,KTUS,COCHISE RAMP,1,2,7.81127646930918e-06,0.014923031306755
726,TUS,KTUS,UNK,1,2,4.30293766839895e-06,0.0132311299939394
727,TUS,KTUS,UNK,1,2,4.15708664505687e-07,0.00307537265256542
728,TUS,KTUS,UNK,1,2,1.11724830276216e-07,0.00156094009512363
729,TPA,KTPA,UNK,1,2,1.02780776676387e-05,0.0231458992974765
730,TUS,KTUS,NORTH RAMP,1,2,1.72689097090173e-06,0.0235651142093878
731,LAX,KLAX,UNK,1,2,4.09471954299079e-06,0.0153380514044529
732,LAX,KLAX,UNK,1,2,4.34610296906612e-06,0.0148383958929666
733,LAX,KLAX,UNK,1,2,5.70722431803006e-06,0.0151780824177769
734,TUS,KTUS,UNK,1,2,8.2880751506309e-07,0.00424359183954274
735,TUS,KTUS,UNK,1,2,1.27152452478185e-06,0.00850152778127723
736,TUS,KTUS,UNK,1,2,9.79960532276891e-07,0.00537043071227807
737,TUS,KTUS,A-17 RUN-UP RAMP FOR FIXED ENGINE JET STANDS,1,2,2.63859501363831e-06,0.00718663243125052
738,TUS,KTUS,UNK,1,2,1.57090198626975e-07,0.00160352142671494
739,LAX,KLAX,SOUTH PADS,1,2,1.33749424395674e-05,0.0243317089583492
740,TPA,KTPA,REMOTE AIRCRAFT PARKING,1,2,5.937536310399e-06,0.0103601561471658
741,TPA,KTPA,UNK,1,2,1.86697658749457e-07,0.0020566270125735
742,TPA,KTPA,UNK,1,2,1.84260317816209e-07,0.00212994583865012
743,TPA,KTPA,UNK,1,2,3.11213419355513e-06,0.0117276782467478
744,MIA,KMIA,UNK,1,2,5.15860142513702e-06,0.0111941449202201
745,MIA,KMIA,UNK,1,2,1.67346933561963e-06,0.00828935926671409
746,MIA,KMIA,UNK,1,2,2.71640960156083e-07,0.00255538722329217
747,MIA,KMIA,WESTERN U,1,2,9.05014985619346e-06,0.0132062129879426
748,LGB,KLGB,RUN UP,1,2,1.35861774433997e-07,0.00295306317816899
749,LGB,KLGB,UNK,1,2,3.93794989055063e-07,0.00322347364740194
750,LGB,KLGB,UNK,1,2,4.17890303774232e-07,0.00307876155313404
751,LGB,KLGB,RAMP,1,2,6.83296227337385e-07,0.0058738209282426
752,LGB,KLGB,RAMP,1,2,3.09483084492967e-07,0.00326568537178919
753,CRW,KCRW,UNK,1,2,1.31803704542591e-07,0.00170545521185222
754,MIA,KMIA,UNK,1,2,2.87984789838769e-06,0.0110985431761464
755,ALW,KALW,GENERAL AVIATION PARKING,1,2,8.74655510357814e-06,0.0283112170328504
756,ALW,KALW,UNK,1,2,1.33025059767533e-06,0.00560928410978477
757,JFK,KJFK,UNK,1,2,3.63321548702e-05,0.052662887768768
758,JFK,KJFK,UNK,1,2,1.16572446131613e-05,0.0174522231809673
759,CLT,KCLT,UNK,1,2,1.19780590299781e-05,0.0224150406587971
760,MIA,KMIA,EASTERN U,1,2,8.63892000779742e-06,0.0134717865606513
761,MIA,KMIA,CENTRAL BASE,1,2,8.74874240253121e-06,0.011937381422138
762,MIA,KMIA,WEST CARGO BASE,1,2,3.92262109016883e-07,0.00263070035365648
763,MIA,KMIA,UNK,1,2,1.32805404007286e-05,0.0308317658242418
764,JFK,KJFK,UNK,1,2,2.00862668862101e-05,0.0266987548418863
765,JFK,KJFK,UNK,1,2,3.26297390529362e-06,0.00812686685812976
766,LGB,KLGB,UNK,1,2,5.63939758644466e-07,0.0124315874514402
767,LGB,KLGB,RUN UP,1,2,1.05457120994079e-07,0.0026599694380264
768,LGB,KLGB,RUN UP,1,2,2.04900848066458e-07,0.00426247479085811
769,LGB,KLGB,UNK,1,2,6.7885004151726e-07,0.0108472319764162
770,LGB,KLGB,UNK,1,2,2.4022597302064e-06,0.0186655597338688
771,LGB,KLGB,UNK,1,2,3.6670599001809e-07,0.00300096004411823
772,LGB,KLGB,UNK,1,2,1.41236938480394e-05,0.0552200173788035
773,CRW,KCRW,HOT PAD,1,2,9.35071095844791e-07,0.00521056136657449
774,CRW,KCRW,GENERAL AVIATION APRON,1,2,6.83817233948503e-06,0.0204272926570736
775,CRW,KCRW,UNK,1,2,6.73792328598211e-08,0.00134789049586659
776,CRW,KCRW,UNK,1,2,7.88214720159885e-07,0.00389504659604593
777,CRW,KCRW,FLIGHT SCHOOL APRON,1,2,2.79714868156589e-07,0.00259829725350563
778,CRW,KCRW,UNK,1,2,5.34037098987028e-08,0.000984692418073715
779,JFK,KJFK,UNK,1,2,3.37619151196122e-05,0.060675390580417
780,JFK,KJFK,UNK,1,2,1.7700583612168e-06,0.00679923219398715
781,JFK,KJFK,UNK,1,2,1.43506031236029e-06,0.00574594911573233
782,JFK,KJFK,UNK,1,2,1.51556721448287e-05,0.0290383630513079
783,JFK,KJFK,UNK,1,2,7.72672933635477e-06,0.0168283267869825
784,CRW,KCRW,HOT FUEL PITS,1,2,2.72827436913203e-07,0.00214237112775639
785,CRW,KCRW,HOT FUEL PITS,1,2,2.72491096669353e-07,0.00214131558831675
786,CRW,KCRW,GENERAL AVIATION PARKING,1,2,1.61992375069531e-08,0.000642857708890445
787,ALW,KALW,UNK,1,2,1.02313651950681e-06,0.0083948431251698
788,ALW,KALW,TERMINAL APRON,1,2,1.53532454023192e-06,0.00692103515312973
789,ALW,KALW,GENERAL AVIATION PARKING,1,2,8.62479942592698e-06,0.0234000780168605
790,MIA,KMIA,UNK,1,2,1.29990578641437e-05,0.0358014054167731
791,TUS,KTUS,UNK,1,2,5.18235735786493e-06,0.036448321151405
792,TUS,KTUS,AIR NATIONAL GUARD ARM/DE-ARM PAD,1,2,1.40791440223637e-06,0.00728011565873358
793,TUS,KTUS,UNK,1,2,6.05869308856199e-06,0.013421341330267
794,TUS,KTUS,UNK,1,2,1.58073789502562e-06,0.0116038983702905
795,CRW,KCRW,CORPORATE RAMP,1,2,3.85020939575043e-08,0.000819604552019455
796,TUS,KTUS,UNK,1,2,5.75106923861313e-07,0.00312097295160283
797,TUS,KTUS,UNK,1,2,7.26794496586081e-07,0.00750367948863075
798,TUS,KTUS,UNK,1,2,1.47984610521235e-06,0.01050391942516
799,TUS,KTUS,SOUTH RAMP,1,2,1.99011515178427e-06,0.019682293313111
800,TUS,KTUS,UNK,1,2,4.65342964162119e-08,0.00105826697909304
801,TUS,KTUS,UNK,1,2,1.07141659100307e-06,0.00556098773055939
802,TUS,KTUS,EAST RAMP,1,2,8.03234320301272e-06,0.0114088288758218
803,SWF,KSWF,ANG RESTRICTED AREA,1,2,2.15294203371741e-05,0.0243529396736286
804,SWF,KSWF,UNK,1,2,5.79447555537627e-06,0.0129504395928393
805,SWF,KSWF,COMPASS CALIBRATION PAD,1,2,2.67204541160027e-07,0.00209305282761167
806,CLT,KCLT,UNK,1,2,3.41328266446894e-06,0.0139246630128409
807,LGB,KLGB,UNK,1,2,9.03965664131312e-06,0.026438982526976
808,LGB,KLGB,UNK,1,2,5.79834776887815e-07,0.00541125802718316
809,TUS,KTUS,U.S. CUSTOMS,1,2,7.19955778549775e-07,0.00393237097470835
810,TUS,KTUS,NORTH RAMP,1,2,1.06379625190722e-06,0.00668547466625365
811,CLT,KCLT,UNK,1,2,3.93215486838017e-07,0.00359231900628877
812,CLT,KCLT,GENERAL AVIATION RAMP,1,2,3.00015893571481e-06,0.00729988864376011
813,CLT,KCLT,UNK,1,2,6.11635186942294e-10,0.000111773087913195
814,CLT,KCLT,UNK,1,2,1.46222419061814e-07,0.00354801512500316
815,CLT,KCLT,UNK,1,2,2.9991201699886e-07,0.00250200696915917
816,CLT,KCLT,UNK,1,2,3.00610736303497e-09,0.000228460646786137
817,CLT,KCLT,UNK,1,2,1.84638565770001e-07,0.002199236005436
818,CLT,KCLT,RON PARKING,1,2,4.32392016591621e-06,0.00832088192555353
819,CLT,KCLT,UNK,1,2,1.03380898508476e-07,0.0012870620139031
820,TUS,KTUS,UNK,1,2,1.24695930026064e-06,0.00600134255500226
821,TUS,KTUS,UNK,1,2,2.62768610559752e-07,0.00389185345002789
822,TUS,KTUS,UNK,1,2,2.88976684714726e-06,0.014587016042884
823,TUS,KTUS,UNK,1,2,4.67176960228244e-07,0.00387894974155669
824,TUS,KTUS,UNK,1,2,5.65937231498254e-07,0.00642394170236762
825,TUS,KTUS,UNK,1,2,5.64411948289489e-08,0.00110465043468238
826,MIA,KMIA,UNK,1,2,1.02210201725905e-06,0.00449214553907569
827,MIA,KMIA,808 RAMP,1,2,2.50152402259118e-06,0.00816661712802541
828,MIA,KMIA,UNK,1,2,2.98420218314277e-07,0.00228435830245457
829,MIA,KMIA,PENALTY BOX,1,2,7.6371597236796e-07,0.00386870371176266
830,LGB,KLGB,UNK,1,2,4.11904832035154e-06,0.0224797022057212
831,LGB,KLGB,UNK,1,2,6.10208361670646e-07,0.00588535851155122
832,LGB,KLGB,UNK,1,7,2.99180882401551e-07,0.00509849460728589
833,CLT,KCLT,UNK,1,2,1.01507794170175e-07,0.00153366015525653
834,CLT,KCLT,UNK,1,2,2.62665480477153e-07,0.00247509957240017
835,LGB,KLGB,UNK,1,2,1.37246136392988e-05,0.0473200004711175
836,LGB,KLGB,UNK,1,2,4.33783455933145e-07,0.00361640485896431
837,MIA,KMIA,UNK,1,2,1.71634204188973e-06,0.00747656544221962
838,DTW,KDTW,UNK,1,2,5.37657299119754e-06,0.0195719315874927
839,DTW,KDTW,UNK,1,2,1.05296853169026e-06,0.00528020892389758
840,LAX,KLAX,UNK,1,2,4.01830541302273e-06,0.0135190484161261
841,LAX,KLAX,UNK,1,2,1.61055140779354e-06,0.00644713856413154
842,LAX,KLAX,UNK,1,2,1.94357244254206e-06,0.00716350071440967
843,LAX,KLAX,UNK,1,2,4.40998428530293e-06,0.0133555407769229
844,DTW,KDTW,RUN-UP AREA,1,2,1.20599180154779e-06,0.00438160917217598
845,DTW,KDTW,UNK,1,2,7.32970093342278e-06,0.0184213532303001
846,DTW,KDTW,UNK,1,2,2.17624817003964e-08,0.000743891553021688
847,LAX,KLAX,UNK,1,2,2.5214512106686e-05,0.044926601090117
848,LAX,KLAX,ICC,1,2,1.0519155239308e-05,0.0160217379018373
849,DTW,KDTW,UNK,1,2,4.39217386169477e-06,0.00916926706281517
850,DTW,KDTW,UNK,1,2,3.06171432384872e-06,0.0218456303758645
851,ORD,KORD,UNK,1,7,1.48428375723597e-06,0.00782995002002519
852,DTW,KDTW,UNK,1,2,6.72380338073708e-08,0.0014070575218877
853,DTW,KDTW,UNK,1,2,2.16957687371178e-08,0.00081168673168457
854,DTW,KDTW,UNK,1,2,5.22751179232728e-06,0.019653641783014
855,DTW,KDTW,DE-ICE PAD,1,2,3.25490668728889e-06,0.0089085322606856
856,DTW,KDTW,UNK,1,2,4.99871930514928e-08,0.000979774570378459
857,IAD,KIAD,MIDFIELD TERMINAL RAMP,1,2,1.5213002825476e-05,0.0357906449882428
858,DTW,KDTW,UNK,1,2,1.67177796364659e-06,0.0060512792268187
859,DTW,KDTW,UNK,1,2,1.7580659914529e-06,0.00684434366140892
860,IAD,KIAD,CARGO RAMP,1,2,1.28743933835995e-05,0.0240028891218682
861,IAD,KIAD,MIDFIELD TERMINAL RAMP,1,2,1.48550925587188e-05,0.0350110388285785
862,IAD,KIAD,UNK,1,2,1.84262550141645e-07,0.00209469237991771
863,DTW,KDTW,UNK,1,2,2.35327960241422e-06,0.00918961889224938
864,DTW,KDTW,UNK,1,2,1.70376551977824e-07,0.00174371552901427
865,DTW,KDTW,UNK,1,2,7.37432856112719e-07,0.00456796042281772
866,DTW,KDTW,UNK,1,2,4.59047867579221e-06,0.00932422912261124
867,DTW,KDTW,GENERAL AVIATION,1,2,2.97200649604368e-06,0.0115471570773552
868,IAD,KIAD,UNK,1,2,2.37277524173934e-07,0.00241568991330475
869,IAD,KIAD,UNK,1,2,3.02673577928445e-07,0.00271245443391895
870,IAD,KIAD,UNK,1,2,1.04295728668019e-07,0.00149369681652282
871,IAD,KIAD,UNK,1,2,2.49755251480188e-07,0.00272584073197195
872,IAD,KIAD,APRON W,1,2,1.12583920781617e-05,0.0163481041568324
873,CLT,KCLT,MTX RAMP,1,2,2.35697598327533e-07,0.00244546148351533
874,IAD,KIAD,UNK,1,2,2.40104178059197e-06,0.0112779759096422
875,IAD,KIAD,UNK,1,2,3.70096017832111e-06,0.0111402574940007
876,IAD,KIAD,UNK,1,2,4.99041334478534e-07,0.00283964154880619
877,IAD,KIAD,UNK,1,2,1.35456269796316e-06,0.00979507312875298
878,IAD,KIAD,CARGO RAMP,1,2,1.96120936379884e-06,0.0074629929468453
879,IAD,KIAD,UNK,1,2,3.86179158340383e-06,0.0205088383466028
880,DTW,KDTW,UNK,1,2,1.29818043152069e-06,0.0092539345767726
881,DTW,KDTW,UNK,1,2,2.75389993475983e-07,0.00259302571623861
882,DTW,KDTW,UNK,1,2,3.27581801684573e-08,0.000810951460389689
883,DTW,KDTW,UNK,1,2,4.31987245974597e-08,0.000919147322768344
884,IAD,KIAD,UNK,1,2,8.58637685852148e-06,0.021806257825807
885,IAD,KIAD,UNK,1,2,3.63652522992197e-05,0.0749854035770839
886,IAD,KIAD,UNK,1,2,6.87514170749637e-06,0.0303609024616103
887,DTW,KDTW,UNK,1,2,7.96237009126344e-06,0.0189443517873866
888,DTW,KDTW,UNK,1,2,1.87495743375621e-07,0.00191203985034031
889,CRW,KCRW,RESTRICTED AREA WY ANG,1,2,7.22151730769838e-06,0.0138598023682137
890,LAX,KLAX,WEST AIRCRAFT MAINTENANCE AREA (WAMA),1,2,1.29955503273826e-05,0.0204435695506752
891,LAX,KLAX,UNK,1,2,7.58059331928962e-06,0.0170033825934151
892,DTW,KDTW,DE-ICE PAD,1,2,2.96473035632516e-06,0.00838500841218851
893,DTW,KDTW,DE-ICE PAD,1,2,2.18372391297406e-06,0.00609289879724433
894,IAD,KIAD,R RAMP,1,2,3.7372224747234e-06,0.00857131530397391
895,IAD,KIAD,UNK,1,2,2.15082124663257e-06,0.00692253453082353
896,IAD,KIAD,R RAMP,1,2,1.02872874318469e-05,0.0196667769050402
897,SAN,KSAN,UNK,1,2,6.53368509016816e-06,0.0217676270232238
898,ORD,KORD,MIDFIELD RAMP,1,2,1.13099076770595e-06,0.00430657191537964
899,PBI,KPBI,WEST REMOTE RAMP,1,2,1.73109765455592e-06,0.00685922581781514
900,LAX,KLAX,UNK,1,2,4.36466507380828e-08,0.000905335294646108
901,LAX,KLAX,UNK,1,2,2.00056547328131e-07,0.00314130295731846
902,PBI,KPBI,UNK,1,2,2.70259693024855e-06,0.00792132776176304
903,SFO,KSFO,UNK,1,2,2.14921010410762e-06,0.00809155523536288
904,SFO,KSFO,UNK,1,2,5.55868058554898e-06,0.0114076038739633
905,SFO,KSFO,UNK,1,2,3.87584896088811e-06,0.0112421488372438
906,SFO,KSFO,UNK,1,2,9.5447467174381e-07,0.00431818943655952
907,SFO,KSFO,UNK,1,2,1.648040370128e-05,0.0195172490602138
908,SFO,KSFO,UNK,1,2,1.22384972200962e-06,0.00709830264882943
909,SFO,KSFO,B/A E,1,2,5.40349628863623e-06,0.00981778469151849
910,SFO,KSFO,B/A F,1,2,7.39455072107376e-06,0.0129787742036365
911,SFO,KSFO,UNK,1,2,5.3862413551542e-06,0.0110946949413614
912,SFO,KSFO,UNK,1,2,5.45578177479911e-06,0.0109580228732737
913,LAX,KLAX,UNK,1,2,7.29397174836777e-06,0.0125330076086859
914,LAX,KLAX,UNK,1,2,1.30822068058478e-05,0.0227541415693936
915,LAX,KLAX,UNK,1,2,7.24309870747675e-06,0.0154326973159955
916,LAX,KLAX,UNK,1,2,3.56403068876437e-05,0.097569624120955
917,LAX,KLAX,UNK,1,2,3.14901649289823e-06,0.00877551840550703
918,HPN,KHPN,UNK,1,2,5.151908226253e-06,0.016913963582166
919,HPN,KHPN,UNK,1,2,1.13926894688282e-06,0.00766183642177079
920,HPN,KHPN,UNK,1,2,3.59249394281391e-06,0.0104922491683095
921,HPN,KHPN,UNK,1,2,6.56357315165224e-08,0.00116078141981556
922,HPN,KHPN,UNK,1,2,1.09015695670678e-06,0.00998050884275792
923,HPN,KHPN,GENERAL AVIATION PARKING,1,2,4.52974347289747e-06,0.0154400386650699
924,HPN,KHPN,UNK,1,2,2.52185442215641e-06,0.00827302760969442
925,HPN,KHPN,UNK,1,2,1.04715149973345e-06,0.00449838900855583
926,HPN,KHPN,UNK,1,2,5.50494178241934e-07,0.00319652036077089
927,HPN,KHPN,UNK,1,2,3.87940099194801e-07,0.00260940744722378
928,HPN,KHPN,UNK,1,2,5.97642610955518e-08,0.0013598885799891
929,HPN,KHPN,GENERAL AVIATION PARKING,1,2,1.03980877222409e-06,0.00418299193043969
930,HPN,KHPN,UNK,1,2,5.20552379937311e-07,0.00324572716280139
931,HPN,KHPN,UNK,1,2,8.72232058836409e-08,0.00155488398239643
932,HPN,KHPN,RUN UP PAD,1,2,7.11420398147311e-08,0.00110632063110881
933,HPN,KHPN,RUN UP PAD,1,2,3.23453190819931e-07,0.00276039393129077
934,HPN,KHPN,UNK,1,2,5.07416069045821e-07,0.00351490125022366
935,SFO,KSFO,UNK,1,2,1.5966196072581e-05,0.0352320981616166
936,SFO,KSFO,UNK,1,2,4.34005410745227e-06,0.0101475294409856
937,SFO,KSFO,B/A D,1,2,2.09111155696773e-06,0.00673292196325927
938,SFO,KSFO,B/A C,1,2,2.66575217681975e-06,0.00735580789804669
939,TPA,KTPA,AIRSIDE C,1,2,1.25810901640405e-06,0.00500710428560465
940,TPA,KTPA,UNK,1,2,2.15571633686157e-07,0.00292101383690128
941,TPA,KTPA,UNK,1,2,1.71513908620718e-07,0.00261742965966797
942,TPA,KTPA,UNK,1,2,2.59619739928496e-07,0.0032296653242913
943,TPA,KTPA,UNK,1,2,1.01869491118123e-05,0.0148180609121126
944,TPA,KTPA,NORTH REMOTE AIRCRAFT PARKING,1,2,3.10946415993385e-06,0.00781799724878679
945,BWI,KBWI,HOLD BLOCK,1,2,9.69429038377712e-07,0.00424367043760427
946,BWI,KBWI,UNK,1,2,5.21316223967005e-07,0.00384465619162374
947,BWI,KBWI,UNK,1,2,4.17448768530448e-06,0.0101673948441817
948,BWI,KBWI,UNK,1,2,1.13233363663312e-06,0.00525954996422091
949,BWI,KBWI,UNK,1,2,1.52430584421381e-06,0.00633228804674062
950,BWI,KBWI,UNK,1,2,1.92315837921342e-07,0.00193213033243284
951,SFO,KSFO,UNK,1,2,2.54148635576712e-05,0.0333021338434513
952,SFO,KSFO,UNK,1,2,1.10761129690218e-05,0.0190104497377177
953,SFO,KSFO,UNK,1,2,1.58292705236818e-05,0.0215644512023404
954,LYH,KLYH,UNK,1,2,3.84984475118588e-07,0.00353716161053349
955,LYH,KLYH,GENERAL AVIATION PARKING,1,2,1.50428991219087e-06,0.00717368150356055
956,LYH,KLYH,RUNUP AREA,1,2,3.82432069688347e-07,0.00250298152250574
957,PSG,PAPG,UNK,1,2,4.56797124570585e-06,0.0155771803703696
958,ATL,KATL,UNK,1,2,2.42879919584271e-06,0.00729200558412005
959,ATL,KATL,RAMP 33,1,2,5.02610086736133e-06,0.0121914754924103
960,ATL,KATL,SOUTH CARGO RAMP,1,2,8.2782651134039e-06,0.0115128145601251
961,ATL,KATL,RAMP 1,1,2,2.02496833026089e-05,0.0227258084491079
962,ATL,KATL,RAMP 2,1,2,2.05036587885843e-05,0.0241125820402663
963,ATL,KATL,RAMP 3,1,2,2.06476295261382e-05,0.0236547449829754
964,ATL,KATL,RAMP 4,1,2,2.10343371236377e-05,0.0234952009605917
965,ATL,KATL,UNK,1,2,7.90871445133234e-06,0.0150880523703752
966,ATL,KATL,RAMP 6,1,2,9.43454915613984e-06,0.0133783819635188
967,ATL,KATL,RAMP 8,1,2,5.91025650464871e-06,0.0122247751846081
968,ATL,KATL,NORTH CARGO RAMP,1,2,6.67286712996429e-07,0.00330512063190983
969,CDV,PACV,UNK,1,2,5.84486278949053e-07,0.00451486045247935
970,CDV,PACV,UNK,1,2,5.67976684330562e-07,0.00433398052792896
971,CDV,PACV,UNK,1,2,9.07155481399968e-07,0.00434814769572061
972,CDV,PACV,UNK,1,2,7.02566467225552e-08,0.00150257641937913
973,CDV,PACV,UNK,1,2,9.34460331336595e-08,0.0016143246527551
974,CDV,PACV,UNK,1,2,6.75479191226958e-07,0.00367011763981138
975,JFK,KJFK,UNK,1,2,1.24271054070466e-06,0.0060629793010015
976,LYH,KLYH,UNK,1,2,1.01934776257882e-06,0.00879669715237688
977,LYH,KLYH,UNK,1,2,9.35547177505214e-07,0.00392743987775548
978,LYH,KLYH,RUNUP AREA,1,2,3.89194269756477e-07,0.00284819504033975
979,LYH,KLYH,LARGE AIRCRAFT PARKING,1,2,1.29294215447245e-06,0.00490817832325595
980,GEV,KGEV,UNK,1,2,1.37428218877078e-06,0.00998692808822866
981,IAD,KIAD,UNK,1,2,2.12855287078236e-06,0.00714900690864102
982,IAD,KIAD,UNK,1,2,2.09645863679178e-06,0.00642456609223201
983,IAD,KIAD,R RAMP,1,2,8.03339455687779e-06,0.0120010895239198
984,ATL,KATL,UNK,1,2,3.99978165425974e-06,0.0243285188509979
985,ATL,KATL,ECHO PAD,1,2,7.81365542934509e-07,0.00640322187916085
986,BOS,KBOS,UNK,1,2,8.71365002600571e-07,0.00483437410066993
987,BOS,KBOS,UNK,1,2,8.09474614222594e-05,0.129170852671236
988,BOS,KBOS,UNK,1,2,1.75098738843665e-06,0.0097332563691602
989,PBI,KPBI,EAST REMOTE RAMP,1,2,9.61218893280602e-06,0.0163284471791697
990,LGA,KLGA,UNK,1,2,2.79753523263482e-06,0.0211084845073892
991,HOM,PAHO,UNK,1,2,2.50047378358431e-07,0.00300087429480588
992,HOM,PAHO,UNK,1,2,9.36197466216981e-08,0.00320483037657182
993,HOM,PAHO,UNK,1,2,3.58769128627756e-07,0.00491418553339556
994,HOM,PAHO,UNK,1,2,4.58571776107419e-07,0.00495664864502868
995,JFK,KJFK,UNK,1,2,1.77643667674254e-05,0.0301869139910427
996,JFK,KJFK,UNK,1,2,8.50209630575303e-05,0.113295981300192
997,JFK,KJFK,UNK,1,2,1.06554381429369e-05,0.0182901463446287
998,JFK,KJFK,UNK,1,2,1.93701064432356e-06,0.00644375026806933
999,VEL,KVEL,UNK,1,2,6.08163508281079e-06,0.0137268116933878
1000,IAD,KIAD,HOLD BLOCK,1,2,1.12349475733242e-05,0.0145653161791338
1001,CDV,PACV,UNK,1,2,2.6955603971146e-08,0.000753197194123768
1002,GEV,KGEV,FUEL FARM,1,2,1.63772710948251e-08,0.000513899095100409
1003,CDV,PACV,MAIN APRON,1,2,4.02032905023886e-06,0.0160239091067516
1004,BDR,KBDR,UNK,1,2,2.28266775172126e-06,0.00728587449231742
1005,BDR,KBDR,UNK,1,2,1.06125980892102e-07,0.00184709495606697
1006,BDR,KBDR,UNK,1,2,3.19335836286572e-06,0.0107930002739763
1007,BDR,KBDR,UNK,1,2,2.10002747264709e-07,0.00278933013536757
1008,BDR,KBDR,UNK,1,2,1.33919570544094e-06,0.0117328284260851
1009,BDR,KBDR,NORTH RAMP,1,2,9.95984919427428e-07,0.00504070743946872
1010,BDR,KBDR,GENERAL AVIATION PARKING,1,2,5.85671386943432e-08,0.000994945753190301
1011,HOM,PAHO,UNK,1,2,4.6119353541707e-07,0.0043579824543528
1012,HOM,PAHO,UNK,1,2,3.86588679651689e-06,0.0111589240929937
1013,HOM,PAHO,UNK,1,2,7.86839243110959e-06,0.022926691036986
1014,HOM,PAHO,UNK,1,2,1.27947227581554e-06,0.00671025521603304
1015,YAK,PAYA,UNK,1,2,1.82942597956592e-06,0.0111052459963862
1016,PHL,KPHL,F,1,2,9.04919119310704e-06,0.0185852217544907
1017,CRW,KCRW,UNK,1,2,2.48247259339307e-07,0.00345247923638178
1018,LYH,KLYH,MAIN RAMP,1,2,2.50841594606754e-06,0.00770592285449531
1019,RTS,KRTS,UNK,1,2,2.70687459460739e-05,0.0487767618453617
1020,RTS,KRTS,UNK,1,2,1.15017684943104e-07,0.001813875104079
1021,BDR,KBDR,UNK,1,2,7.4455920184846e-07,0.00374392779997731
1022,BDR,KBDR,GENERAL AVIATION PARKING,1,2,5.84786448598607e-07,0.00325213713401804
1023,BDR,KBDR,GENERAL AVIATION PARKING,1,2,6.74541297485121e-07,0.00342009005296773
1024,BDR,KBDR,SOUTH RAMP,1,2,8.95058974492713e-07,0.00450393328424801
1025,CDV,PACV,UNK,1,2,2.99514795187861e-08,0.000745385136777069
1026,CDV,PACV,UNK,1,2,2.16941771213897e-08,0.000634535305619263
1027,CDV,PACV,UNK,1,2,3.32338458974846e-08,0.000785812876551318
1028,CDV,PACV,UNK,1,2,4.53419488621876e-08,0.000914114083324788
1029,CDV,PACV,UNK,1,2,2.22426024265587e-08,0.000648510769316392
1030,FLL,KFLL,UNK,1,2,3.11324129143031e-07,0.00213391875671891
1031,PHL,KPHL,UNK,1,2,3.03313350938361e-06,0.0096843781628741
1032,PHL,KPHL,UNK,1,2,5.02762733445294e-07,0.00470424359551068
1033,PHL,KPHL,A EAST,1,2,9.38569367295305e-06,0.0167351393768282
1034,PHL,KPHL,C,1,2,7.38424547830352e-06,0.0137575688597747
1035,TEB,KTEB,UNK,1,2,9.60100684227472e-06,0.017726847179192
1036,ART,KART,TERMINAL RAMP,1,2,2.25242452833729e-06,0.00930784778343556
1037,EVV,KEVV,GENERAL AVIATION PARKING (WEST RAMP),1,2,5.20593149866931e-06,0.0227247198918951
1038,EVV,KEVV,UNK,1,2,1.84647279164753e-07,0.00203161948663316
1039,FLL,KFLL,UNK,1,2,3.13188820655341e-07,0.00213956330857324
1040,FLL,KFLL,UNK,1,2,6.0071670304751e-08,0.00109030640134866
1041,FLL,KFLL,UNK,1,2,6.42394297756255e-08,0.00112319813237686
1042,FLL,KFLL,UNK,1,2,1.10708497176593e-05,0.0208447074040398
1043,FLL,KFLL,UNK,1,2,1.64491120813182e-06,0.00673309999812714
1044,FLL,KFLL,UNK,1,2,4.06822438223098e-06,0.0140769725665341
1045,FLL,KFLL,UNK,1,2,3.23976713956231e-06,0.0131513631819109
1046,FLL,KFLL,UNK,1,2,1.30898441103033e-06,0.006206775922899
1047,FLL,KFLL,UNK,1,2,2.74769945463049e-06,0.00858974528325055
1048,PHL,KPHL,D,1,2,8.84899415800472e-06,0.0136412554643006
1049,PHL,KPHL,SOUTH APRON,1,2,1.51037730631957e-06,0.00555663170747603
1050,PHL,KPHL,E,1,2,1.06287617506334e-05,0.0180268867002319
1051,DTW,KDTW,UNK,1,2,6.97299976298266e-05,0.0783237280131109
1052,DTW,KDTW,DE-ICE PAD,1,2,5.6922083388946e-06,0.0100395752100279
1053,TEB,KTEB,UNK,1,2,3.65188898451829e-06,0.0101653201468556
1054,LYH,KLYH,UNK,1,2,1.90713579363295e-06,0.00857799565568427
1055,HLN,KHLN,UNK,1,2,1.20344348508022e-06,0.00734564292667477
1056,HLN,KHLN,UNK,1,2,1.21514440107329e-07,0.00176794969771072
1057,HLN,KHLN,UNK,1,2,2.35361092347335e-07,0.00319717801875674
1058,HLN,KHLN,UNK,1,2,8.47391736941497e-07,0.00799579213892055
1059,FLL,KFLL,UNK,1,2,1.72343811755127e-06,0.00716511298281694
1060,FLL,KFLL,ZULU RAMP,1,2,1.94552012544591e-06,0.00699501935558509
1061,FLL,KFLL,TERMINAL 3,1,2,9.96087278327257e-06,0.0177032756085951
1062,FLL,KFLL,TERMINAL 2,1,2,8.01741712020722e-06,0.0142670762379625
1063,FLL,KFLL,TERMINAL 1,1,2,8.59163104161009e-06,0.0189590774192874
1064,FLL,KFLL,UNK,1,2,2.92628293685482e-06,0.0108371726730563
1065,FLL,KFLL,UNK,1,2,3.27641078718549e-06,0.00821186479776492
1066,FLL,KFLL,UNK,1,2,8.70516032591695e-08,0.00121235835069411
1067,DTW,KDTW,UNK,1,2,2.81450456149912e-05,0.0457083712682419
1068,DTW,KDTW,CENTRAL DE-ICE FACILITY,1,2,4.68894468066278e-06,0.0088335111961297
1069,DTW,KDTW,UNK,1,2,6.28819565275107e-06,0.0179666787610106
1070,DTW,KDTW,DE-ICE PAD,1,2,4.21490340911379e-06,0.0105247596784578
1071,DTW,KDTW,SOUTH TERMINAL A,1,2,1.05299345125043e-05,0.0179365485646257
1072,HLN,KHLN,UNK,1,2,2.75786358438536e-07,0.00372594980939873
1073,FLL,KFLL,UNK,1,2,9.87445218925131e-08,0.00125758341383308
1074,FLL,KFLL,UNK,1,2,3.19172613671981e-07,0.00216444202814978
1075,FLL,KFLL,UNK,1,2,1.14815975393867e-07,0.00125274364523801
1076,FLL,KFLL,UNK,1,2,1.77628862729762e-08,0.000626452503145759
1077,FLL,KFLL,UNK,1,2,2.99968564831943e-06,0.0144410148977387
1078,FLL,KFLL,UNK,1,2,1.34187768766406e-06,0.0093121990638435
1079,FLL,KFLL,TERMINAL 4,1,2,3.91238155245804e-06,0.0116504281080804
1080,FLL,KFLL,UNK,1,2,4.8711870923035e-07,0.00402874378788968
1081,FLL,KFLL,UNK,1,2,9.79454603111662e-06,0.0262649630574175
1082,FLL,KFLL,UNK,1,2,2.66466827270051e-06,0.0175629970863529
1083,FLL,KFLL,UNK,1,2,1.80381328676593e-06,0.00913047302111344
1084,MKG,KMKG,UNK,1,2,2.26679293928271e-07,0.00284179178277272
1085,PBI,KPBI,GENERAL AVIATION PARKING,1,2,1.14571232643357e-05,0.0274894854895443
1086,PBI,KPBI,UNK,1,2,6.86952512296557e-06,0.01171586489684
1087,ORD,KORD,C PAD,1,2,1.90729094354898e-06,0.00740565961258301
1088,ORD,KORD,CENTRAL DEICING FACILITY,1,2,1.48143389844784e-05,0.017321917199331
1089,ORD,KORD,UNK,1,2,8.95884927507445e-05,0.114491838446683
1090,ORD,KORD,UNK,1,7,1.13056569146092e-06,0.00613194557268234
1091,ORD,KORD,UNK,1,2,3.42640389128096e-05,0.0483489367085983
1092,TEB,KTEB,UNK,1,2,1.94277781496441e-05,0.0364550567985717
1093,TEB,KTEB,UNK,1,2,4.19043999499991e-07,0.00274995735197689
1094,HLN,KHLN,UNK,1,2,1.68402948474977e-07,0.00205634769230695
1095,HLN,KHLN,UNK,1,2,2.38142092712224e-08,0.000649562121391661
1096,HLN,KHLN,UNK,1,2,1.8696937331697e-08,0.000558180789544335
1097,HLN,KHLN,UNK,1,2,2.5373537937412e-08,0.000673266666395596
1098,HLN,KHLN,UNK,1,2,5.57774910703301e-08,0.00106054097630352
1099,HLN,KHLN,UNK,1,2,2.57332430919632e-08,0.000676255791645864
1100,HLN,KHLN,UNK,1,2,5.39871507498901e-08,0.00120315416142839
1101,HLN,KHLN,UNK,1,2,2.31175363296643e-08,0.000635651559754685
1102,HLN,KHLN,UNK,1,2,3.1405761546921e-08,0.000843006363417753
1103,HLN,KHLN,AIR CARGO RAMP,1,2,1.27144312500604e-06,0.00594998299556508
1104,HLN,KHLN,UNK,1,2,1.09745087684132e-07,0.00134769867620318
1105,FLL,KFLL,UNK,1,2,1.96261365513484e-06,0.00635109194479243
1106,FLL,KFLL,UNK,1,2,1.3042196423188e-07,0.00196230168868312
1107,FLL,KFLL,UNK,1,2,1.32149804250945e-07,0.00192529736079941
1108,FLL,KFLL,UNK,1,2,4.78850802210218e-06,0.0112841822860651
1109,ORD,KORD,SCENIC HOLD PAD,1,2,9.45208271608319e-06,0.0166284359840266
1110,MSY,KMSY,UNK,1,7,1.38726454679272e-06,0.00507316401554434
1111,MSY,KMSY,UNK,1,2,7.67514552535431e-06,0.0123130843855953
1112,MSY,KMSY,HOLDING BAY,1,2,7.3097749009321e-07,0.00417227322548454
1113,MSY,KMSY,UNK,1,2,2.78036650490756e-06,0.00669927182038955
1114,MSY,KMSY,HOLDING BAY,1,2,4.57951955468161e-07,0.00345562631200674
1115,ART,KART,UNK,1,2,6.02649379288778e-08,0.00169100666372021
1116,MSY,KMSY,CARGO AREA,1,2,1.02544913999636e-05,0.0283399785503716
1117,MSY,KMSY,UNK,1,2,3.96790602217104e-07,0.00309237115049641
1118,MSY,KMSY,UNK,1,2,3.51644949508345e-05,0.0641566604702176
1119,HLN,KHLN,GENERAL AVIATION RAMP,1,2,5.64042977561213e-06,0.0226445569203284
1120,HLN,KHLN,UNK,1,2,1.30110038298881e-07,0.00164934784955696
1121,HLN,KHLN,UNK,1,2,6.50666152068879e-08,0.00140562305113962
1122,HLN,KHLN,UNK,1,2,2.7505484467838e-07,0.00349228915443358
1123,HLN,KHLN,UNK,1,2,5.78152139496524e-08,0.000984139713020374
1124,HLN,KHLN,UNK,1,2,5.81721906200983e-08,0.000989961608060258
1125,HLN,KHLN,UNK,1,2,4.25338839704636e-08,0.000952573183094396
1126,EVV,KEVV,UNK,1,2,3.415911242928e-07,0.0060192415414657
1127,JFK,KJFK,UNK,1,2,1.9078977402387e-06,0.0079179148501752
1128,SDP,PASD,UNK,1,2,6.02490143764012e-06,0.0132387078805452
1129,SIT,PASI,GA AIRCRAFT APRON,1,2,4.96274333272595e-06,0.012327064620222
1130,SIT,PASI,U.S.C.G. AIR STATION,1,2,3.68178807944042e-06,0.0109655231442905
1131,SIT,PASI,TERMINAL APRON,1,2,1.19439710033475e-06,0.00573832624774323
1132,SIT,PASI,HEAVY AIRCRAFT PARKING APRON,1,2,2.09129257200402e-06,0.00660348279951448
1133,SIT,PASI,UNK,1,2,5.41548615728971e-07,0.00385259602438125
1134,BWI,KBWI,UNK,1,2,5.923814092057e-05,0.116365213615049
1135,MSY,KMSY,UNK,1,2,2.26969466697868e-05,0.0344270225587589
1136,ORD,KORD,UNK,1,7,4.27125938978756e-07,0.00411889614317862
1137,AUG,KAUG,TRANSIENT RAMP,1,2,1.67488428814977e-06,0.00892468089937534
1138,AUG,KAUG,UNK,1,2,1.04871105577331e-07,0.00154434816018423
1139,AUG,KAUG,MAIN APRON,1,2,5.35045850926646e-07,0.00363545700359811
1140,AUG,KAUG,UNK,1,2,1.68686483448255e-07,0.00278555969415362
1141,HLN,KHLN,UNK,1,2,1.239419367631e-06,0.00773319925115206
1142,HLN,KHLN,UNK,1,2,1.13945699082782e-07,0.00197325220150965
1143,HLN,KHLN,AIR CARRIER RAMP,1,2,2.49785993122753e-06,0.00943032747866226
1144,SIT,PASI,UNK,1,2,1.13173427962465e-07,0.00186731410154651
1145,SIT,PASI,UNK,1,2,1.09109805634944e-07,0.00183197362154416
1146,SIT,PASI,UNK,1,2,9.14023530640407e-07,0.00472202365254782
1147,PHL,KPHL,UNK,1,2,1.39630442390626e-05,0.0218974649435482
1148,BDL,KBDL,AIR CARGO,1,2,4.39733139501186e-06,0.0109081599043316
1149,BDL,KBDL,GENERAL AVIATION,1,2,2.08735173146124e-06,0.00820458305306679
1150,BDL,KBDL,UNK,1,2,1.00295974334585e-05,0.0199455538456305
1151,BDL,KBDL,UNK,1,2,2.20559234094253e-05,0.0569682801319939
1152,BDL,KBDL,UNK,1,2,2.2919357434148e-07,0.0021185805599163
1153,BDL,KBDL,UNK,1,2,9.11802544578677e-08,0.00113443150073729
1154,BDL,KBDL,UNK,1,2,2.21422169488505e-07,0.00208787614961254
1155,BDL,KBDL,UNK,1,2,1.82384151230508e-05,0.036706729426318
1156,BDL,KBDL,DE-ICE AREA,1,2,5.14628196052191e-06,0.0114574646838511
1157,HPN,KHPN,ZULU TIEDOWN,1,2,1.16393793801219e-06,0.00532740700722181
1158,HPN,KHPN,UNK,1,2,1.78048488788662e-06,0.00893036338110527
1159,HPN,KHPN,A,1,2,3.12798130280975e-07,0.00396209729351162
1160,HPN,KHPN,UNK,1,2,3.94480629224703e-07,0.0035990317068034
1161,HPN,KHPN,UNK,1,2,3.805777493383e-07,0.00286222917160173
1162,GDJ,KGDJ,UNK,1,2,4.74312855658354e-08,0.000927273459001114
1163,GDJ,KGDJ,UNK,1,2,4.45963905804092e-08,0.000945647444617265
1164,GDJ,KGDJ,UNK,1,2,1.72183219786237e-07,0.00252528808157625
1165,AUG,KAUG,BASED AIRCRAFT RAMP,1,2,1.07382947625578e-06,0.00797580584557502
1166,EWR,KEWR,UNK,1,2,1.1467070308753e-06,0.00478258941617536
1167,EWR,KEWR,UNK,1,2,1.27382545460353e-06,0.00471032823904721
1168,EWR,KEWR,UNK,1,2,5.83340937690153e-07,0.00276627138295853
1169,EWR,KEWR,UNK,1,2,4.18277766385273e-07,0.00230863051778432
1170,EWR,KEWR,UNK,1,2,6.94786636732184e-07,0.00331268888900438
1171,EWR,KEWR,UNK,1,2,5.70131752613001e-05,0.0939185995337771
1172,EWR,KEWR,TPKE PARK,1,2,3.02439003252442e-06,0.0106742970112862
1173,BDL,KBDL,FBO SOUTH RAMP,1,2,1.43094871418725e-06,0.0051901966160685
1174,BDL,KBDL,UNK,1,2,1.01599721347156e-06,0.00470766258131104
1175,BDL,KBDL,UNK,1,2,9.33692490434623e-07,0.00456038030031832
1176,BDL,KBDL,UNK,1,2,2.05304058908951e-06,0.00939898329515823
1177,BDL,KBDL,FBO NORTH RAMP,1,2,3.08491053147009e-07,0.00263978361680101
1178,BDL,KBDL,UNK,1,2,2.26939846470486e-07,0.00210080128285676
1179,AUS,KAUS,UNK,1,2,2.57679798530974e-05,0.0578839680690638
1180,AUS,KAUS,C,1,2,1.15380362331052e-06,0.00709196072868059
1181,GDJ,KGDJ,UNK,1,2,2.96960419224074e-07,0.00497632555737315
1182,GDJ,KGDJ,UNK,1,2,1.1749534678529e-08,0.000447676413035519
1183,HPN,KHPN,HANGAR 6 RAMP,1,2,2.53097264077407e-06,0.00693709734058291
1184,BDL,KBDL,GENERAL AVIATION PARKING,1,2,7.03774935573165e-06,0.0164007323503345
1185,BDL,KBDL,UNK,1,2,4.41142287854746e-06,0.0109525783248035
1186,EWR,KEWR,WILBUR,1,2,2.48214973908034e-06,0.00853131595712727
1187,EWR,KEWR,LINDY NORTH,1,2,1.21751872939058e-06,0.00442976506702468
1188,EWR,KEWR,AMELIA,1,2,5.27405177308538e-06,0.0127007477199811
1189,EWR,KEWR,UNK,1,2,4.79985361509505e-05,0.057105970876214
1190,EWR,KEWR,LINDY SOUTH,1,2,9.714365205582e-07,0.00394833658126579
1191,EWR,KEWR,UNK,1,2,9.43811582113097e-06,0.0212532142272465
1192,EWR,KEWR,UNK,1,2,3.35017739416799e-06,0.00762215377889614
1193,HLN,KHLN,UNK,1,2,5.16882397785801e-08,0.00107408629378906
1194,HLN,KHLN,UNK,1,2,1.09686726174063e-07,0.00173896506996718
1195,GEV,KGEV,UNK,1,2,3.411552242788e-08,0.000826311091937889
1196,GEV,KGEV,UNK,1,2,2.12455688597402e-08,0.000641294134808823
1197,AUS,KAUS,UNK,1,2,1.3156470344583e-05,0.0217149678947458
1198,GEV,KGEV,UNK,1,2,2.62014702590713e-08,0.00100837060335172
1199,GEV,KGEV,UNK,1,2,2.34175876134509e-08,0.000970541373724469
1200,LGA,KLGA,UNK,1,2,6.80863352274519e-07,0.00454421169048696
1201,LGA,KLGA,UNK,1,2,2.71679027719074e-07,0.00281492629501707
1202,LGA,KLGA,UNK,1,2,5.31420921561221e-05,0.0795002012047691
1203,BAM,KBAM,UNK,1,2,2.67812006156387e-06,0.0135024083912388
1204,BAM,KBAM,UNK,1,2,3.74475348507985e-08,0.00116560921848404
1205,DTW,KDTW,UNK,1,7,1.17862889510434e-05,0.062516943712427
1206,DTW,KDTW,UNK,1,7,5.14800149176153e-07,0.00429943602377474
1207,RTS,KRTS,UNK,1,2,2.33845200009464e-07,0.00224455829353528
1208,RTS,KRTS,UNK,1,2,6.00959037910798e-06,0.0126848078748134
1209,RTS,KRTS,UNK,1,2,1.83693828148535e-07,0.00198896924829314
1210,RTS,KRTS,UNK,1,2,8.23051323095569e-07,0.0046779743266638
1211,BDR,KBDR,GENERAL AVIATION PARKING,1,2,6.56990778225008e-07,0.0044979967050267
1212,LGA,KLGA,UNK,1,2,3.81900349566422e-06,0.0105972094375897
1213,LGA,KLGA,UNK,1,2,5.02423063153401e-08,0.00114569120204075
1214,LGA,KLGA,UNK,1,2,9.77551962932921e-07,0.00513676506409195
1215,LGA,KLGA,TRANSIENT PARKING,1,2,3.41843974638323e-06,0.00922375599991975
1216,LGA,KLGA,GENERAL AVIATION PARKING,1,2,1.27704732057893e-06,0.00501753138540378
1217,AUS,KAUS,UNK,1,2,6.54966157460565e-06,0.0126635503851769
1218,AUS,KAUS,UNK,1,2,2.37770518651814e-06,0.00856158203585063
1219,AUS,KAUS,UNK,1,2,5.84986082685646e-07,0.00605956062529614
1220,AUS,KAUS,UNK,1,2,2.50063749263063e-07,0.00229603530164692
1221,AUS,KAUS,UNK,1,2,4.14068472309737e-06,0.0145504856819063
1222,AUS,KAUS,UNK,1,2,1.19573406356932e-05,0.0222198214567553
1223,YAK,PAYA,COMMERCIAL TERMINAL APRON,1,2,8.99090719030937e-06,0.0148413035510538
1224,MIA,KMIA,NORTHEAST BASE,1,2,1.56022625035224e-05,0.0211083251882435
1225,MIA,KMIA,UNK,1,2,4.09856902189309e-06,0.0131986898452388
1226,MIA,KMIA,UNK,1,2,4.36151884867023e-07,0.00411594260938875
1227,MIA,KMIA,UNK,1,2,0.000105900458700375,0.149710197025988
1228,MSY,KMSY,UNK,1,2,3.32419176629628e-07,0.00234086117727831
1229,EWR,KEWR,AREA 340 AIRCRAFT PARKING,1,2,9.48219433938302e-06,0.0164137975470983
1230,EWR,KEWR,UNK,1,2,1.69628033582468e-06,0.00578379339926666
1231,EWR,KEWR,UNK,1,2,1.38801567804436e-05,0.024203330078978
1232,EWR,KEWR,BALL PARK,1,2,8.31240501600328e-06,0.0139467856184713
1233,AUS,KAUS,UNK,1,2,2.85490545223754e-06,0.0194221948510764
1234,GDJ,KGDJ,UNK,1,2,2.75098862315137e-07,0.0036590589458124
1235,GDJ,KGDJ,UNK,1,2,3.08671863525831e-06,0.0316359918782031
1236,GDJ,KGDJ,UNK,1,2,6.2245680418696e-07,0.00349586858543381
1237,GDJ,KGDJ,UNK,1,2,4.0075292417896e-08,0.00113502169481334
1238,ART,KART,GA APRON,1,2,2.83527674582729e-06,0.014168179147088
1239,MIA,KMIA,UNK,1,2,1.06249357373876e-05,0.0219574926374735
1240,MIA,KMIA,MIDFIELD BLAST FENCE,1,2,9.68784791492705e-07,0.00424099879401902
1241,ATL,KATL,RAMP 9,1,2,7.66738617130613e-06,0.0119577218324987
1242,ATL,KATL,RAMP 5,1,2,2.27993859880371e-05,0.0257007540839119
1243,ATL,KATL,UNK,1,2,1.25569492865907e-05,0.025839523646986
1244,ATL,KATL,RAMP 20,1,2,1.18169434699666e-05,0.0185008027935468
1245,ATL,KATL,UNK,1,2,1.58630430178164e-05,0.0302919098812198
1246,YAK,PAYA,GENERAL AVIATION APRON,1,2,2.93432597983992e-06,0.01515131462994
1247,YAK,PAYA,UNK,1,2,7.79882611823268e-08,0.00214375459987015
1248,RTS,KRTS,UNK,1,2,7.76679826230975e-07,0.00670427064993657
1249,ATL,KATL,UNK,1,2,4.7302307070729e-06,0.0124952768966468
1250,ATL,KATL,RAMP 19,1,2,9.35371520782713e-06,0.0218137489418526
1251,ATL,KATL,UNK,1,2,2.82078008240205e-06,0.00965254387078487
1252,ATL,KATL,UNK,1,2,4.15548811361077e-07,0.00315386688020143
1253,ATL,KATL,UNK,1,2,7.98595237938571e-07,0.00374562737427023
1254,ATL,KATL,UNK,1,2,1.14944850793108e-06,0.00542460154424344
1255,VEL,KVEL,UNK,1,2,9.69403572526062e-07,0.0055284424467233
1256,VEL,KVEL,UNK,1,2,1.99238456843887e-08,0.000621099564957868
1257,BDR,KBDR,UNK,1,2,4.24467180231911e-06,0.0176940415813109
1258,BDR,KBDR,UNK,1,2,1.41013521379879e-06,0.00629819546575551
1259,HLN,KHLN,MNG HELICOPTER RAMP,1,2,7.82721037408118e-06,0.0153794437464458
1260,LYH,KLYH,UNK,1,2,2.47383013629587e-07,0.00308418452946537
1261,MLB,KMLB,UNK,1,2,4.15341596412752e-07,0.00375394268264732
1262,MLB,KMLB,UNK,1,2,1.11423764792562e-06,0.00537729791154412
1263,MLB,KMLB,UNK,1,2,1.07670704991994e-06,0.00742454471651574
1264,MLB,KMLB,UNK,1,2,3.10598352371017e-07,0.00478906539290336
1265,LAX,KLAX,WEST/REMOTE GATES,1,2,1.87101007712298e-05,0.0232671287468701
1266,LAX,KLAX,UNK,1,2,2.88624372102309e-06,0.0097521741068101
1267,LAX,KLAX,UNK,1,2,1.88858053183985e-06,0.0192315791492787
1268,LAX,KLAX,UNK,1,2,1.51009225235477e-05,0.0335259575716911
1269,LAX,KLAX,UNK,1,2,7.88524330413987e-06,0.0200083090096756
